"m.z","ES0_1","ES0_2","ES0_3","ES0.5_1","ES0.5_2","ES0.5_3","ES2.5_1","ES2.5_2","ES2.5_3","ES5_1","ES5_2","ES5_3","ES8_1","ES8_2","ES8_3","ES0_AIR","ES0.5_AIR","ES2.5_AIR","ES5_AIR","ES8_AIR"
"m17.026 ((H3N)+) ",104.247,103.601,101.596,104.05,99.045,102.343,103.052,106.086,101.243,109.8,104.794,101.696,104.602,99.531,99.498,105.247,107.347,147.011,106.02,104.116
"m18.010 ((H2O)+) ",6259.136,6325.095,6295.984,6234.549,6211.781,6285.394,6273.281,6334.41,6251.722,6236.761,6259.407,6291.034,6239.353,6372.784,6238.44,6182.935,6222.499,8512.92,6191.047,6201.41
"m18.034 ((H3N)H+) ",6262.563,6329.393,6300.408,6241.025,6217.073,6290.649,6279.06,6341.719,6258.455,6243.427,6264.676,6298.474,6247.652,6380.462,6248.753,6184.546,6228.98,8543.192,6197.689,6209.609
"m19.018 ((H2O)H+) ",544524.5,546247.125,546615.625,543686.187,543667.062,540637.062,542208.687,544867.062,542074,544647.687,540771.562,542821.062,541334.125,541974.875,540422.562,543969.875,542634.625,523839.344,544041.125,542704.125
"m21.022 (H3O 18+) ",1603.648,1591.826,1595.265,1592.948,1617.503,1605.822,1630.814,1633.242,1621.264,1608.598,1618.826,1615.245,1616.736,1623.123,1627.694,1608.508,1641.145,1920.716,1614.969,1638.78
"m26.015 ((C2H2)+) ",4.909,4.748,4.781,4.877,5.846,5.491,4.651,4.813,4.845,5.168,5.2,5.652,4.942,5.362,4.49,4.619,4.489,5.652,4.845,4.716
"m27.010 ((CHN)+) ",26.083,28.246,29.829,26.599,28.601,31.701,31.54,35.863,31.634,26.859,37.413,38.121,28.019,36.605,29.957,15.916,17.852,11.301,19.144,21.531
"m27.994 ((CO)+) ",23.014,22.466,21.595,21.335,21.432,22.659,23.501,24.727,23.305,23.078,23.693,21.724,22.079,24.855,22.111,22.11,22.013,30.213,22.241,22.013
"m28.006 ((N2)+) ",22.949,22.531,21.595,21.368,21.496,22.53,23.824,24.727,23.402,23.11,23.758,21.724,22.015,25.049,22.208,22.271,22.013,30.116,22.241,21.948
"m28.018 ((CHN)H+) ",22.852,22.531,21.563,21.335,21.561,22.498,23.792,24.695,23.499,23.046,23.5,21.724,21.982,24.984,22.369,22.336,21.917,30.245,22.209,22.174
"m28.031 ((C2H4)+) ",22.852,22.595,21.725,21.4,21.367,22.433,23.792,24.695,23.563,23.143,23.435,21.627,22.112,24.855,22.369,22.239,21.787,30.148,22.306,22.11
"m29.002 ((CHO)+) ",4071.655,4050.322,4055.123,4056.074,4063.183,4064.328,4074.695,4110.292,4050.261,4054.264,4069.681,4016.183,4046.927,4090.027,4073.455,4087.726,4041.663,5094.506,4055.885,4047.469
"m29.013 ((N2)H+) ",4071.486,4050.085,4054.953,4056.073,4063.476,4064.257,4074.851,4110.513,4050.158,4054.456,4069.84,4016.271,4047.085,4089.989,4073.418,4087.808,4041.578,5095.225,4055.942,4047.624
"m29.026 ((CH3N)+) ",4071.479,4049.718,4054.656,4056,4063.174,4063.916,4074.844,4110.381,4050.146,4054.35,4069.508,4016.239,4046.944,4089.96,4073.208,4087.572,4041.439,5095.233,4055.502,4047.484
"m29.039 ((C2H5)+) ",4070.843,4048.664,4054.003,4055.192,4061.896,4062.872,4074.482,4109.892,4049.782,4053.627,4069.077,4015.55,4046.256,4089.502,4072.319,4086.748,4041.007,5095.18,4054.682,4047.21
"m29.997 (NO+) ",2931.829,2909.081,2893.54,2898.611,2925.512,2905.029,2906.586,2904.74,2919.371,2897.378,2922.986,2907.789,2929.322,2923.424,2918.72,2907.393,2921.357,3675.526,2912.635,2920.716
"m30.021 ((H2N2)+) ",2931.736,2908.55,2893.665,2897.985,2925.643,2904.536,2906.085,2904.632,2918.88,2896.851,2922.685,2907.757,2929.093,2922.733,2918.969,2907.125,2920.987,3675.399,2912.333,2920.69
"m30.034 ((CH3N)H+) ",2930.877,2907.908,2892.971,2897.45,2925.431,2903.705,2905.453,2903.771,2918.203,2896.38,2921.596,2907.058,2928.456,2921.708,2918.298,2906.718,2920.516,3674.833,2911.109,2920.022
"m30.046 ((C2H5)H+) ",2928.819,2906.502,2891.4,2896.299,2924.448,2902.458,2904.076,2902.593,2916.959,2894.971,2919.996,2905.977,2927.374,2920.722,2916.817,2904.632,2919.43,3674.183,2909.667,2918.933
"m31.005 ((NO)H+) ",142.392,139.517,145.009,126.145,108.056,126.433,124.333,135.059,107.672,125.53,150.113,167.537,97.207,137.839,103.891,37.869,43.711,43.132,39.287,47.906
"m31.018 ((CH2O)H+) ",142.328,139.291,144.912,126.016,107.895,126.562,124.301,134.93,107.51,125.53,149.984,167.537,97.24,137.872,103.827,37.707,43.776,43.035,39.158,48.035
"m31.029 ((H2N2)H+) ",142.231,139.194,144.88,125.919,107.895,126.465,124.075,134.962,107.639,125.369,149.887,167.699,97.337,137.936,103.827,37.74,43.615,43.165,39.061,48.067
"m31.042 ((CH5N)+) ",141.844,138.419,144.331,125.628,107.734,126.272,123.816,134.639,107.155,124.949,149.241,167.279,97.175,137.452,103.374,37.74,43.195,42.906,38.932,47.744
"m31.054 ((C2H6)H+) ",141.037,137.871,143.782,124.659,107.443,125.917,123.397,134.284,106.477,124.497,148.821,166.698,96.949,136.645,102.955,37.578,42.872,42.68,38.9,47.486
"m31.989 (O2+) ",51999.316,50812.949,51065.844,50806.363,51805.445,51091.801,47092.172,45694.742,50815.258,51413.152,51130.465,50240.57,51760.07,44861.164,50955.719,52951.395,52537.434,67024.141,53126.586,52731.453
"m32.049 ((CH5N)H+) ",51882.109,50685.48,50973.617,50742.055,51744.602,51032.453,47041.863,45640.484,50757.555,51355.523,51073.723,50185.055,51703.691,44809.758,50896.082,52770.527,52465.844,66989.781,53065.434,52673.633
"m32.989 ((H2P)+) ",16163.309,16420.785,15803.255,13586.347,11544.494,13821.432,13905.095,14604.715,11104.415,11499.235,15802.312,20613.502,8246.692,15725.277,9856.9,936.224,1914.077,827.852,1613.754,2591.183
"m32.989 (O2 17+) ",16163.115,16420.361,15803.062,13586.024,11544.3,13821.206,13904.837,14604.489,11104.156,11499.105,15801.827,20613.244,8246.53,15725.181,9856.771,936.063,1913.98,827.852,1613.431,2590.989
"m32.997 ((O2)H+) ",16164.115,16422.08,15804.205,13588.041,11545.812,13822.714,13906.759,14606.8,11107.039,11501.383,15804.501,20617.977,8248.42,15728.647,9858.993,936.492,1914.195,828.288,1613.38,2591.704
"m33.033 ((CH4O)H+) ",16161.961,16419.652,15803.45,13587.479,11544.37,13823.017,13906.341,14605.926,11105.814,11499.138,15804.253,20618.207,8248.613,15728.573,9859.523,934.84,1913.64,828.951,1613.197,2590.854
"m33.045 ((H4N2)H+) ",16158.929,16417.852,15800.707,13585.713,11542.642,13820.804,13904.661,14603.598,11103.379,11497.345,15802.56,20616.057,8246.759,15726.706,9857.75,934.044,1912.787,828.286,1612.868,2590.379
"m33.987 ((H2S)+) ",426.963,423.073,424.203,387.889,371.842,391.778,379.883,381.207,361.442,365.848,420.7,480.4,329.465,394.889,345.983,239.076,248.433,297.643,252.342,255.194
"m33.997 ((H2P)H+) ",426.87,423.239,424.336,388.054,371.877,391.942,379.886,381.179,361.575,365.56,420.736,480.08,329.564,395.021,346.342,239.302,248.207,297.224,252.471,255.226
"m34.005 ((H2O2)+) ",426.549,422.919,424.113,387.765,371.589,391.977,379.823,380.858,361.027,365.465,420.771,479.856,329.243,395.024,346.15,239.302,248.078,297.484,252.471,255.032
"m34.995 ((H2S)H+) ",45.973,49.267,47.78,39.515,35.709,40.225,40.644,44.102,34.871,34.418,43.938,59.691,26.25,46.488,30.931,11.012,11.98,10.689,12.045,15.143
"m35.005 ((H3P)H+) ",46.36,49.202,47.586,39.644,35.58,40.257,40.709,44.005,34.709,34.515,43.841,59.821,26.282,46.553,31.318,11.076,11.883,10.624,12.078,15.143
"m35.976 ((HCl)+) ",6.266,6.169,5.975,6.685,5.813,5.748,5.394,5.814,6.104,5.588,6.136,6.46,5.361,6.46,5.619,4.134,4.844,6.137,4.166,4.07
"m36.984 ((HCl)H+) ",7599.136,7890.821,7790.87,7767.365,8055.315,8155.214,8275.614,8450.538,8610.792,7251.123,7946.263,8290.991,7407.174,8316.478,8129.596,7812.476,7984.041,9032.661,7270.784,7686.283
"m37.028 (cluster h2oH+) ",7599.52,7891.296,7791.708,7767.557,8055.324,8155.746,8275.975,8450.113,8611.706,7251.065,7947,8290.979,7407.777,8317.272,8130.387,7812.842,7984.302,9044.774,7271.415,7686.858
"m41.002 ((C2O)H+) ",275.381,321.02,346.998,336.794,364.947,391.881,357.887,414.157,409.781,347.68,458.01,504.278,348.876,413.536,399.532,168.626,242.34,94.135,260.168,320.012
"m41.026 ((C2H3N)+) ",275.22,320.86,346.904,336.537,364.852,392.012,357.92,414.386,409.977,347.649,458.012,504.638,348.975,413.441,399.534,168.691,242.437,94.394,260.071,319.948
"m41.039 ((C3H5)+) ",275.35,320.829,346.84,336.376,364.594,391.884,357.922,414.29,409.882,347.78,457.884,504.542,348.717,413.443,399.438,168.497,242.308,94.426,260.168,319.981
"m42.034 ((C2H3N)H+) ",90.222,82.568,78.148,95.131,92.161,87.803,90.579,85.317,88.834,90.643,90.029,86.865,87.897,84.024,86.573,106.724,116.35,82.151,101.912,99.265
"m43.018 ((C2H3O)+) ",848.848,1592.791,963.064,1576.992,1191.227,1550.505,1078.708,1527.47,1175.803,714.387,789.714,1276.578,883.158,1103.915,864.97,407.804,481.011,274.535,560.846,683.06
"m43.054 ((C3H7)+) ",845.629,1586.066,959.39,1570.491,1186.947,1545.004,1074.099,1521.839,1171.682,710.713,786.267,1271.361,880.067,1099.988,862.167,405.965,479.753,274.374,558.91,681.482
"m43.989 ((CO2)+) ",44.195,59.425,46.777,61.139,50.005,59.429,51.071,58.559,50.617,39.031,42.838,54.876,43.354,55.364,43.451,29.698,29.407,31.181,32.183,35.639
"m44.001 ((N2O)+) ",44.26,59.264,46.874,61.139,49.94,59.203,51.071,58.559,50.649,39.031,42.87,54.844,43.289,55.526,43.355,29.601,29.407,31.149,32.151,35.542
"m44.062 ((C3H8)+) ",43,58.586,45.873,59.912,49.003,58.46,50.651,57.881,50.133,38.482,42.58,54.23,42.837,54.686,43.032,29.02,29.31,31.149,31.763,35.575
"m44.997 ((CO2)H+) ",1290.661,1093.734,1152.552,1412.55,765.141,1169.631,2528.326,2519.026,1140.702,1536.584,1580.359,1619.703,1118.546,2594.985,1088.046,231.986,256.311,274.208,260.616,280.874
"m45.033 ((C2H5O)+) ",1290.38,1092.996,1152.04,1412.202,764.952,1168.991,2527.017,2517.886,1140.419,1536.04,1579.754,1619.359,1118.228,2593.876,1087.533,231.825,256.214,274.434,260.196,280.778
"m45.992 ((NO2)+) ",48.391,43.29,44.615,50.75,37.514,47.327,66.889,65.211,44.584,54.008,55.782,53.915,48.102,68.312,44.035,28.635,28.023,43.904,30.186,31.577
"m46.021 ((C2H3F)+) ",48.65,43.226,44.679,50.912,37.288,47.23,66.761,64.856,44.326,53.879,55.588,53.883,47.941,68.15,43.938,28.538,28.056,43.872,30.025,31.512
"m47.013 ((CH2O2)H+) ",132.213,139.803,146.169,130.891,124.718,138.383,144.778,162.067,133.406,116.903,142.97,146.751,108.41,169.952,128.305,85.061,89.681,94.391,81.897,85.934
"m47.037 ((CH5NO)+) ",132.245,139.739,146.04,130.891,124.686,138.383,144.778,162.067,133.309,116.774,142.906,146.59,108.216,169.855,128.144,85.19,89.681,94.326,81.865,85.74
"m47.049 ((C2H6O)H+) ",132.148,139.61,145.943,130.892,124.686,138.415,144.811,161.971,133.245,116.807,142.938,146.622,108.119,169.758,128.079,85.126,89.616,94.358,81.8,85.837
"m47.060 ((CH6N2)H+) ",132.148,139.513,145.814,130.795,124.718,138.415,144.617,161.938,133.18,116.742,142.873,146.622,108.119,169.758,128.014,85.094,89.552,94.358,81.671,85.773
"m47.984 ((O3)+) ",3.811,3.842,4.391,3.875,3.714,4.069,4.65,5.102,3.649,3.584,4.747,5.683,3.551,6.233,4.327,2.647,2.712,2.583,2.389,2.26
"m49.011 ((CH4S)H+) ",3.1,3.035,2.745,2.519,3.035,3.068,3.649,9.008,3.939,3.649,3.519,4.036,4.133,42.701,5.618,2.518,2.615,1.743,2.486,2.486
"m49.992 ((CH3Cl)+) ",6.101,6.941,5.908,7.2,7.359,6.167,6.296,6.295,7.167,6.908,6.683,6.328,6.489,6.296,6.747,7.069,6.553,7.651,6.424,6.392
"m51.000 ((CH3Cl)H+) ",12.169,12.557,12.266,9.911,9.33,11.555,11.557,12.106,8.621,8.394,12.88,15.912,6.198,13.332,7.877,1.969,3.035,1.259,2.518,3.1
"m52.012 ((CH2F2)+) ",0.71,0.872,1.356,1.065,1.453,1.259,1.098,1.065,0.678,1.323,0.872,1.194,1.097,1.323,1.194,0.936,0.549,1.227,0.807,0.839
"m52.018 ((C3HN)H+) ",0.71,0.839,1.292,1.033,1.388,1.227,1.065,1.098,0.678,1.194,0.904,1.194,1.097,1.323,1.162,0.871,0.581,1.227,0.807,0.839
"m53.026 ((C3H3N)+) ",10.62,11.073,8.943,8.975,9.038,10.136,7.103,9.783,8.717,7.523,8.651,9.2,7.166,7.716,7.426,10.781,8.007,4.779,5.811,6.78
"m53.939 ((Fe)+) ",3.519,6.134,8.683,3.745,2.874,4.036,3.261,3.293,3.1,2.583,2.55,2.583,2.454,2.486,2.002,1.614,1.84,1.323,1.453,1.84
"m54.046 ((C4H6)+) ",3.584,6.134,8.812,3.907,3.035,4.359,3.294,3.261,3.197,2.454,2.453,2.68,2.292,2.486,2.099,1.711,2.098,1.323,1.388,1.84
"m54.947 ((Fe)H+) ",145.162,131.241,118.382,107.822,104.301,114.476,97.746,107.373,105.14,90.708,102.233,105.241,88.091,94.644,93.936,147.389,96.454,55.443,77.726,76.37
"m57.033 ((C3H4O)H+) ",140.963,180.005,216.195,200.541,247.256,259.905,201.963,292.119,287.776,200.023,326.391,397.617,193.039,271.493,265.116,47.223,113.315,31.281,120.226,156.341
"m57.070 ((C4H8)H+) ",140.866,179.779,216.131,200.412,247.256,259.938,201.898,291.958,287.615,199.732,326.262,397.425,192.974,271.655,265.084,47.159,113.283,31.281,120.161,156.406
"m59.049 ((C3H6O)H+) ",2182.613,1948.041,2166.9,2198.221,1489.556,1881.041,1817.47,2127.726,1641.374,2043.916,2466.659,2851.578,1392.505,1952.9,1457.207,412.556,456.44,407.307,374.434,430.331
"m59.086 ((C4H10)H+) ",2180.81,1946.4,2165.134,2196.612,1488.463,1879.656,1815.892,2125.925,1640.023,2042.212,2464.76,2849.264,1391.442,1951.16,1456.212,412.169,455.989,407.113,374.144,430.009
"m61.028 ((C2H4O2)H+) ",1292.113,2341.606,1354.868,2304.943,1877.05,2286.282,1832.233,2488.663,1806.27,987.503,995.603,1874.729,1381.475,1835.199,1262.736,636.568,686.596,439.15,868.554,1027.392
"m61.065 ((C3H8O)H+) ",1291.504,2340.133,1354.227,2303.596,1876.217,2284.941,1831.436,2487.222,1804.857,986.988,995.155,1873.608,1380.348,1834.24,1262.097,636.343,686.113,439.022,868.233,1027.235
"m62.995 ((HNO3)+) ",14.01,77.502,113.733,80.665,90.353,87.641,81.117,119.096,116.769,56.193,74.95,109.632,55.323,125.972,85.314,5.295,90.897,4.165,53.351,65.166
"m63.026 ((C2H6S)H+) ",13.978,77.663,113.636,80.73,90.32,87.576,80.923,119.129,116.963,56.226,75.112,109.568,55.194,125.972,85.379,5.295,90.929,4.23,53.545,65.101
"m64.003 ((HNO3)H+) ",1.388,2.486,2.809,2.551,2.454,3.165,2.874,4.004,3.229,2.099,2.841,4.101,1.937,5.166,2.26,1.227,2.034,1.194,2.002,2.422
"m65.020 ((C2H2F2)H+) ",1.97,3.681,4.618,4.197,4.811,5.813,5.812,6.522,6.49,4.65,5.683,7.201,4.585,7.91,5.586,1.421,3.616,1.13,4.165,4.844
"m68.049 ((C4H5N)H+) ",3.519,6.295,5.876,4.714,5.651,5.779,3.649,5.618,5.392,3.778,4.455,6.005,4.875,5.295,5.069,2.841,5.616,2.066,3.842,4.972
"m69.033 ((C4H4O)H+) ",69.917,67.558,63.686,68.721,72.015,67.593,69.595,72.664,73.34,65.882,69.562,71.919,64.945,68.501,65.3,64.43,65.267,51.518,56.648,64.074
"m69.070 ((C5H8)H+) ",69.885,67.462,63.686,68.657,71.95,67.496,69.531,72.728,73.307,65.914,69.53,71.823,64.783,68.404,65.364,64.365,65.332,51.421,56.552,64.171
"m71.049 ((C4H6O)H+) ",30.699,42.482,45.87,45.289,48.323,51.195,40.221,51.323,56.199,40.031,55.587,63.268,41.193,48.548,50.838,20.046,34.767,15.689,32.927,39.897
"m71.086 ((C5H10)H+) ",30.731,42.417,45.903,45.192,48.485,51.13,40.092,51.258,56.038,40.031,55.426,63.397,41.161,48.581,50.871,20.046,34.638,15.657,32.959,39.962
"m73.065 ((C4H8O)H+) ",133.923,235.51,282.722,218.332,288.556,285.613,246.42,367.606,380.342,255.278,423.428,495.028,268.644,356.747,420.09,35.863,135.699,66.428,161.094,215.812
"m75.044 ((C3H6O2)H+) ",185.273,695.197,240.974,729.475,281.894,669.811,177.025,534.631,268.031,142.32,194.135,276.216,151.364,201.735,210.436,63.843,95.355,32.533,109.73,148.813
"m75.068 ((C3H9NO)+) ",185.144,694.973,240.78,729.444,281.538,669.552,176.961,534.373,267.869,142.352,193.974,275.958,151.332,201.703,210.274,63.843,95.291,32.469,109.601,148.717
"m77.060 ((C3H8O2)H+) ",21.76,29.736,28.506,25.31,26.41,27.893,26.99,30.185,28.089,21.628,26.635,31.089,24.405,25.665,29.022,19.532,21.728,7.491,23.02,25.86
"m78.046 ((C6H6)+) ",4.101,4.489,4.295,4.037,5.07,4.134,3.649,5.296,4.036,3.713,4.23,3.94,4.295,4.36,3.455,4.36,4.553,2.034,4.037,4.037
"m79.054 ((C6H6)H+) ",18.623,23.533,28.795,25.921,33.086,37.346,38.607,36.672,36.478,29.923,27.244,27.505,23.371,24.372,25.438,18.947,27.308,14.59,33.86,25.792
"m80.049 ((C5H5N)H+) ",2.809,3.616,4.229,3.584,3.39,4.101,3.778,4.035,4.004,3.067,3.164,2.97,2.809,3.358,2.357,3.52,3.487,2.163,3.519,2.971
"m81.070 ((C6H8)H+) ",44.961,188.451,182.848,59.034,56.679,71.013,85.864,192.649,67.685,62.261,63.006,118.448,67.395,152.205,72.53,40.346,51.869,23.758,61.1,68.687
"m82.078 ((C6H10)+) ",5.262,15.138,13.428,5.617,5.069,7.232,7.781,13.817,6.909,5.65,5.553,9.556,6.135,12.17,6.586,4.843,5.005,3.681,5.521,6.102
"m82.989 ((H3O3P)H+) ",69.888,63.204,56.298,51.97,51.841,51.68,53.004,52.005,50.938,47.061,51.778,52.554,46.707,45.838,48.967,71.625,48.902,39.124,46.094,44.127
"m83.010 ((C2HF3)H+) ",69.823,63.172,56.298,52.035,51.873,51.745,53.004,52.005,50.873,47.223,51.778,52.522,46.675,45.838,49.064,71.592,48.934,39.189,46.061,44.127
"m83.049 ((C5H6O)H+) ",69.791,63.172,56.298,51.971,51.938,51.713,53.101,51.973,50.906,47.32,51.778,52.586,46.611,45.838,49.129,71.56,49.031,39.318,45.965,44.224
"m83.086 ((C6H10)H+) ",69.339,62.72,55.653,51.68,51.615,51.616,52.94,51.909,50.647,47.255,51.552,52.457,46.482,45.612,49.096,71.528,48.838,39.318,45.9,44.192
"m83.911 ((Kr)+) ",7.265,7.104,5.747,6.457,6.457,6.619,6.07,5.876,6.716,5.424,5.715,6.295,5.554,6.361,5.747,9.362,7.006,4.876,6.781,7.201
"m84.081 ((C5H9N)H+) ",7.556,7.266,6.07,6.909,6.748,6.845,6.458,6.49,6.813,5.812,6.199,6.683,5.748,6.684,6.103,9.459,7.2,6.91,6.942,7.782
"m84.919 ((Kr)H+) ",24.86,150.202,167.623,127.626,165.553,173.149,106.63,154.986,169.691,98.945,154.339,203.487,141.866,145.745,183.627,15.302,155.275,11.17,117.159,170.919
"m85.065 ((C5H8O)H+) ",25.183,151.139,169.076,129.822,167.814,175.831,108.891,157.344,172.276,101.012,158.086,207.785,145.129,149.104,187.343,15.141,156.503,13.689,119.227,174.505
"m85.101 ((C6H12)H+) ",24.021,150.171,167.979,129.371,167.233,175.282,108.633,156.796,171.727,100.915,157.957,207.56,144.935,148.749,187.052,14.915,156.148,13.657,119.033,174.376
"m86.036 ((C4H6O2)+) ",4.65,10.943,13.396,9.299,12.3,12.815,9.104,11.33,13.784,9.298,12.299,14.59,12.17,11.654,14.397,3.81,11.88,4.552,10.298,13.625
"m86.060 ((C4H7NO)H+) ",4.585,10.911,13.396,9.267,12.203,12.783,9.104,11.33,13.752,9.298,12.299,14.59,12.17,11.622,14.397,3.81,11.848,4.585,10.299,13.56
"m86.096 ((C5H11N)H+) ",4.456,10.717,13.461,9.106,12.139,12.718,8.911,11.298,13.623,9.266,12.332,14.59,12.041,11.654,14.203,3.391,11.654,4.617,10.234,13.496
"m87.044 ((C4H6O2)H+) ",23.47,23.567,26.793,21.436,23.244,24.564,22.824,27.893,27.246,21.048,28.02,33.024,19.693,25.989,25.987,11.461,11.975,12.815,11.234,12.301
"m87.080 ((C5H10O)H+) ",23.373,23.534,26.826,21.436,23.211,24.532,22.889,27.86,27.085,21.015,27.988,33.056,19.661,25.86,25.891,11.461,11.975,12.815,11.266,12.236
"m88.112 ((C5H13N)H+) ",3.971,4.811,4.585,4.714,4.779,4.585,4.844,5.036,5.327,4.391,6.102,5.651,4.165,4.843,4.488,2.454,3.552,2.744,3.358,3.972
"m89.023 ((C3H4O3)H+) ",302.902,447.648,396.963,446.094,423.583,460.138,372.361,421.96,437.624,288.161,309.025,386.916,290.359,301.766,290.621,234.377,357.454,50.964,293.084,306.847
"m89.042 ((C4H8S)H+) ",302.967,447.583,396.963,446.03,423.454,460.138,372.297,422.025,437.722,288.128,308.928,386.852,290.294,301.831,290.556,234.377,357.454,50.932,293.149,306.783
"m89.060 ((C4H8O2)H+) ",302.935,447.519,396.931,446.063,423.519,460.171,372.265,422.025,437.625,288.096,308.896,386.787,290.133,301.831,290.492,234.377,357.357,50.964,293.214,306.751
"m89.096 ((C5H12O)H+) ",302.806,447.358,396.77,445.773,423.326,460.042,372.169,421.833,437.432,287.773,308.799,386.626,290.101,301.734,290.395,234.216,357.26,50.964,293.085,306.622
"m90.055 ((C3H7NO2)H+) ",15.914,22.855,18.722,22.821,21.371,21.37,18.109,21.562,21.563,14.622,15.978,18.399,14.847,16.495,15.818,12.266,18.27,4.068,14.688,16.398
"m91.039 ((C3H6O3)H+) ",53.616,57.716,60.78,60.167,64.912,69.858,71.213,68.179,71.567,59.334,67.304,69.629,62.427,63.171,68.5,49.26,65.495,15.625,64.593,71.405
"m91.050 ((C2H6N2O2)H+) ",53.616,57.652,60.748,60.167,64.912,69.761,71.116,68.146,71.535,59.238,67.466,69.694,62.427,63.139,68.467,49.26,65.495,15.69,64.496,71.502
"m91.058 ((C4H10S)H+) ",53.68,57.619,60.683,60.135,64.879,69.697,71.181,67.985,71.761,59.238,67.433,69.726,62.492,63.204,68.467,49.26,65.463,15.69,64.496,71.535
"m92.062 ((C7H8)+) ",14.847,17.494,17.721,16.495,18.107,17.753,15.721,19.595,17.592,14.946,17.85,19.594,15.464,14.332,16.268,14.073,16.332,3.325,14.817,16.042
"m93.033 ((C6H5O)+) ",298.784,355.929,355.059,322.176,338.634,316.797,303.094,356.354,351.43,270.322,306.137,342.876,265.595,275.729,303.027,291.209,309.733,53.709,266.958,282.238
"m93.070 ((C7H8)H+) ",298.72,355.929,355.06,322.144,338.44,316.83,303.127,356.485,351.301,270.257,306.073,342.844,265.627,275.633,302.93,291.177,309.637,53.709,266.893,282.238
"m94.041 ((C6H6O)+) ",24.659,28.502,29.308,27.534,27.273,25.145,24.241,28.856,30.633,21.4,24.435,28.211,22.628,24.112,26.662,24.112,25.21,4.617,21.754,23.692
"m95.049 ((C6H6O)H+) ",23.824,47.807,45,26.147,23.76,27.376,29.247,50.067,29.766,24.696,25.601,34.316,25.567,37.254,27.732,25.31,23.274,23.662,23.34,25.987
"m95.086 ((C7H10)H+) ",23.857,47.711,44.968,26.147,23.76,27.279,29.247,50.035,29.669,24.567,25.601,34.316,25.567,37.125,27.732,25.31,23.242,23.694,23.275,25.987
"m96.057 ((C6H8O)+) ",4.747,6.393,6.006,4.165,3.972,4.327,3.713,5.424,3.616,3.067,3.196,4.359,3.39,4.326,3.842,4.455,3.746,3.907,3.487,2.777
"m97.040 ((C4H4N2O)H+) ",40.221,35.963,31.152,27.828,27.795,28.312,22.79,20.984,22.695,20.693,21.694,21.888,18.787,19.339,19.791,43.643,27.99,14.786,19.401,17.335
"m97.065 ((C6H8O)H+) ",40.221,35.93,31.217,27.925,27.827,28.377,22.79,21.048,22.727,20.596,21.727,21.953,18.852,19.306,19.759,43.611,28.087,14.753,19.369,17.335
"m97.101 ((C7H12)H+) ",40.318,35.834,31.249,28.022,27.827,28.345,22.823,20.952,22.727,20.661,21.695,21.953,18.852,19.436,19.726,43.514,28.087,14.753,19.369,17.335
"m97.967 ((H2O4S)+) ",15.945,11.33,8.62,5.909,5.295,5.359,4.198,4.004,2.905,3.455,3.164,3.584,3.584,3.423,3.455,22.112,5.941,3.067,3.293,2.647
"m98.975 ((H2O4S)H+) ",18.69,16.462,17.625,20.37,19.917,22.95,24.21,24.112,27.697,24.534,27.211,28.502,25.823,26.115,29.665,21.789,20.499,12.235,27.988,27.632
"m99.080 ((C6H10O)H+) ",18.755,16.591,17.657,20.37,20.014,22.983,24.081,24.145,27.568,24.469,27.276,28.438,25.856,26.148,29.6,21.757,20.434,12.235,27.827,27.697
"m99.092 ((C5H10N2)H+) ",18.755,16.623,17.657,20.37,20.046,22.983,24.049,24.113,27.633,24.469,27.276,28.406,25.856,26.148,29.568,21.821,20.402,12.268,27.827,27.633
"m99.104 ((C6H13N)+) ",18.755,16.526,17.592,20.337,20.014,23.015,24.081,24.145,27.665,24.501,27.276,28.373,25.823,26.148,29.568,21.757,20.402,12.268,27.73,27.633
"m99.117 ((C7H14)H+) ",18.755,16.494,17.56,20.337,20.046,22.983,24.081,24.113,27.73,24.501,27.276,28.406,25.791,26.051,29.6,21.725,20.402,12.203,27.73,27.536
"m101.060 ((C5H8O2)H+) ",13.075,14.786,14.044,14.528,16.625,16.949,15.528,17.723,18.95,13.849,18.435,19.112,17.431,18.338,20.047,11.848,13.171,23.596,14.203,16.753
"m101.096 ((C6H12O)H+) ",13.01,14.689,13.979,14.56,16.529,16.852,15.56,17.691,18.95,13.881,18.371,19.079,17.463,18.144,20.015,11.686,13.138,23.596,14.139,16.786
"m102.025 ((C3H6N2S)+) ",3.487,3.81,3.616,3.81,3.778,3.746,4.165,3.583,3.907,3.261,3.842,3.487,2.906,3.584,3.358,3.067,3.293,3.293,3.132,3.325
"m102.068 ((C5H10O2)+) ",3.39,3.778,3.648,3.81,3.745,3.778,4.068,3.616,3.939,3.229,3.81,3.455,2.873,3.649,3.423,3.067,3.293,3.325,3.1,3.39
"m102.104 ((C6H14O)+) ",3.39,3.778,3.616,3.81,3.713,3.81,4.036,3.616,3.875,3.229,3.778,3.487,2.906,3.649,3.423,2.97,3.326,3.39,3.067,3.39
"m102.128 ((C6H15N)H+) ",3.39,3.81,3.649,3.777,3.681,3.81,4.068,3.616,3.907,3.229,3.81,3.519,2.874,3.584,3.455,2.906,3.293,3.454,3.003,3.358
"m103.032 ((C3H6N2S)H+) ",12.72,17.689,17.398,15.43,16.173,16.916,18.432,19.917,18.787,16.463,16.206,17.947,17.012,20.433,16.174,11.591,13.558,9.944,15.947,17.076
"m103.042 ((C7H5N)+) ",12.72,17.689,17.398,15.397,16.173,16.916,18.432,19.917,18.787,16.463,16.206,17.947,17.012,20.433,16.142,11.527,13.558,9.944,15.914,17.109
"m103.075 ((C5H10O2)H+) ",12.623,17.721,17.398,15.365,16.173,16.949,18.432,19.788,18.722,16.463,16.206,17.915,17.044,20.433,16.077,11.527,13.526,10.008,15.914,17.044
"m103.112 ((C6H14O)H+) ",12.494,17.592,17.302,15.236,16.108,16.82,18.367,19.788,18.754,16.43,16.109,17.818,16.915,20.337,15.916,11.365,13.365,10.008,15.915,16.915
"m103.123 ((C5H14N2)H+) ",12.397,17.495,17.205,15.172,15.979,16.723,18.432,19.756,18.625,16.398,15.98,17.657,16.85,20.272,15.851,11.107,13.332,10.008,15.882,16.915
"m104.047 ((C4H8O3)+) ",2.131,2.066,2.421,2.001,1.937,2.712,2.034,2.551,2.357,2.099,1.969,2.486,2.357,2.227,1.808,1.453,1.711,1.775,1.905,1.776
"m104.049 ((C7H5N)H+) ",2.131,2.066,2.421,2.001,1.937,2.68,2.066,2.551,2.357,2.099,1.969,2.486,2.357,2.227,1.808,1.453,1.743,1.775,1.905,1.776
"m104.062 ((C8H8)+) ",2.195,2.066,2.422,2.034,1.937,2.68,2.066,2.518,2.357,2.099,1.969,2.486,2.357,2.227,1.808,1.453,1.711,1.775,1.905,1.776
"m105.037 ((C4H8OS)H+) ",19.367,20.658,20.109,28.631,31.409,37.38,39.7,37.537,38.346,36.508,33.796,32.247,29.728,33.444,31.246,20.626,26.407,13.299,34.766,31.277
"m105.057 ((C7H7N)+) ",19.271,20.626,20.109,28.663,31.409,37.38,39.7,37.472,38.281,36.508,33.829,32.215,29.664,33.444,31.246,20.594,26.407,13.234,34.799,31.277
"m105.070 ((C8H8)H+) ",19.271,20.626,20.077,28.631,31.376,37.38,39.668,37.44,38.281,36.475,33.797,32.215,29.664,33.444,31.213,20.562,26.407,13.234,34.766,31.277
"m106.078 ((C8H10)+) ",2.486,2.971,4.132,6.619,7.135,10.233,10.459,8.491,10.136,10.041,9.329,7.941,6.586,6.07,6.134,3.132,6.49,2.195,10.653,7.038
"m107.049 ((C7H6O)H+) ",38.157,45.125,86.869,141.642,171.723,227.938,282.857,241.654,255.341,239.517,220.27,186.08,141.77,126.266,123.068,39.51,138.508,23.339,250.972,152.949
"m107.086 ((C8H10)H+) ",38.157,45.189,86.869,141.642,171.594,228.035,282.825,241.686,255.244,239.452,220.367,186.08,141.77,126.266,123.068,39.51,138.476,23.339,250.972,152.949
"m108.057 ((C7H7O)H+) ",5.457,6.78,9.718,13.688,18.174,23.469,27.147,24.211,26.308,23.37,21.175,18.206,14.623,14.202,14.172,6.974,15.171,4.036,24.951,14.623
"m108.081 ((C7H9N)H+) ",5.489,6.78,9.653,13.655,18.142,23.501,27.147,24.211,26.276,23.337,21.175,18.109,14.558,14.138,14.172,6.974,15.139,4.068,24.919,14.623
"m108.093 ((C8H12)+) ",5.425,6.683,9.589,13.655,18.078,23.501,27.179,24.179,26.308,23.337,21.175,18.077,14.59,14.106,14.172,7.006,15.139,4.101,24.887,14.558
"m109.065 ((C7H8O)H+) ",48.741,45.708,43.124,45.708,47.514,47.485,46.642,45.351,51.84,43.997,45.351,48.549,45.674,46.645,47.064,46.287,47.416,32.507,44.415,45.576
"m109.076 ((C6H8N2)H+) ",48.709,45.675,43.124,45.708,47.546,47.517,46.61,45.319,51.807,43.965,45.351,48.549,45.674,46.645,47,46.319,47.416,32.507,44.383,45.511
"m109.089 ((C7H11N)+) ",48.645,45.675,43.157,45.676,47.546,47.549,46.61,45.286,51.807,43.965,45.383,48.516,45.674,46.678,47,46.287,47.416,32.507,44.383,45.479
"m109.101 ((C8H12)H+) ",48.677,45.708,43.124,45.644,47.482,47.549,46.61,45.286,51.775,43.965,45.351,48.484,45.642,46.645,47,46.319,47.481,32.507,44.383,45.479
"m110.060 ((C6H7NO)H+) ",6.264,5.456,4.553,5.005,4.649,5.069,4.649,4.585,5.521,4.488,4.94,5.004,4.875,5.845,4.747,5.747,4.94,3.551,5.165,4.876
"m110.073 ((C7H10O)+) ",6.264,5.456,4.553,5.037,4.617,5.069,4.617,4.585,5.521,4.521,4.972,4.972,4.875,5.845,4.714,5.747,4.94,3.519,5.165,4.876
"m110.084 ((C6H10N2)+) ",6.264,5.456,4.553,5.037,4.617,5.069,4.584,4.585,5.554,4.521,5.004,5.004,4.875,5.845,4.714,5.747,4.94,3.519,5.165,4.876
"m110.109 ((C8H14)+) ",6.296,5.456,4.553,5.069,4.617,5.037,4.585,4.553,5.554,4.521,5.004,5.036,4.843,5.812,4.682,5.812,5.005,3.519,5.165,4.876
"m111.080 ((C7H10O)H+) ",11.203,12.881,10.912,10.557,10.912,11.3,11.365,11.429,11.461,9.427,10.363,10.654,9.266,10.557,10.041,11.332,11.01,9.944,8.749,9.492
"m111.092 ((C6H10N2)H+) ",11.17,12.882,10.912,10.557,10.944,11.268,11.365,11.429,11.493,9.363,10.395,10.654,9.266,10.557,9.976,11.299,11.01,9.944,8.749,9.459
"m111.104 ((C7H13N)+) ",11.17,12.882,10.88,10.557,10.944,11.268,11.301,11.397,11.428,9.363,10.395,10.687,9.266,10.524,10.009,11.267,10.945,9.977,8.749,9.492
"m111.117 ((C8H14)H+) ",11.203,12.849,10.912,10.557,10.976,11.203,11.268,11.397,11.461,9.395,10.428,10.654,9.266,10.524,10.009,11.267,10.913,10.009,8.749,9.459
"m112.007 ((C6H5Cl)+) ",6.393,4.649,4.552,3.907,3.39,2.938,3.067,3.035,1.743,2.615,1.775,2.55,1.84,2.131,1.711,6.038,3.842,1.711,2.195,2.389
"m112.052 ((C6H8O2)+) ",6.393,4.617,4.552,3.842,3.423,2.906,3.099,3.068,1.84,2.583,1.776,2.583,1.84,2.034,1.743,6.005,3.81,1.711,2.163,2.454
"m112.088 ((C7H12O)+) ",6.393,4.585,4.52,3.81,3.358,2.938,3.067,3.068,1.84,2.583,1.743,2.551,1.84,1.969,1.808,5.973,3.81,1.776,2.227,2.454
"m112.112 ((C7H13N)H+) ",6.458,4.585,4.52,3.778,3.358,2.938,3.035,3.035,1.84,2.647,1.743,2.551,1.808,1.937,1.84,5.973,3.842,1.776,2.227,2.486
"m113.015 ((C6H5Cl)H+) ",7.976,8.912,8.943,7.426,9.557,8.589,8.072,8.234,8.524,7.459,9.298,9.008,7.62,8.719,8.816,8.297,7.459,10.494,7.587,8.072
"m113.060 ((C6H8O2)H+) ",7.944,8.879,8.943,7.394,9.557,8.621,8.072,8.169,8.589,7.491,9.331,8.976,7.652,8.783,8.783,8.297,7.459,10.591,7.554,8.007
"m113.096 ((C7H12O)H+) ",8.009,8.88,9.007,7.362,9.525,8.621,8.072,8.202,8.686,7.523,9.298,8.943,7.717,8.848,8.816,8.297,7.523,10.558,7.554,7.975
"m113.107 ((C6H12N2)H+) ",7.944,8.88,9.007,7.394,9.493,8.621,8.072,8.169,8.653,7.491,9.331,8.911,7.717,8.848,8.816,8.232,7.555,10.526,7.49,8.007
"m114.091 ((C6H11NO)H+) ",4.713,4.746,5.199,5.457,5.586,4.908,5.812,4.94,5.522,5.683,4.682,5.682,5.134,5.102,4.811,5.812,4.908,8.524,4.649,5.651
"m114.128 ((C7H15N)H+) ",4.778,4.779,5.134,5.457,5.683,4.908,5.973,4.876,5.554,5.683,4.617,5.65,5.134,5.135,4.844,5.844,4.876,8.492,4.649,5.651
"m115.075 ((C6H10O2)H+) ",13.398,11.332,9.687,9.879,8.363,8.75,8.428,8.426,7.878,6.748,7.2,8.041,7.135,7.717,7.685,14.818,8.944,7.814,6.715,8.202
"m115.112 ((C7H14O)H+) ",13.495,11.139,9.622,9.815,8.33,8.815,8.46,8.394,7.878,6.78,7.232,7.912,7.135,7.717,7.685,14.85,8.976,7.814,6.715,8.17
"m115.123 ((C6H14N2)H+) ",13.527,11.139,9.59,9.815,8.33,8.783,8.492,8.394,7.878,6.716,7.265,7.944,7.135,7.717,7.685,14.882,9.041,7.814,6.748,8.137
"m116.143 ((C7H17N)H+) ",2.454,2.066,1.453,1.549,1.227,2.551,1.259,2.002,2.098,1.808,1.84,1.582,1.194,1.872,2.002,1.485,1.614,1.453,1.808,1.291
"m117.070 ((C9H8)H+) ",18.917,18.692,18.107,22.113,25.082,27.859,37.187,38.025,39.962,41.77,41.028,41.61,40.737,39.317,44.029,17.594,21.241,26.375,42.286,42.383
"m117.078 ((C5H11NO2)+) ",18.982,18.692,18.172,22.08,25.082,27.827,37.187,38.025,39.994,41.77,40.996,41.61,40.705,39.317,44.029,17.497,21.176,26.407,42.254,42.351
"m117.091 ((C6H12O2)H+) ",18.82,18.498,18.011,21.951,25.017,27.73,37.058,37.832,39.93,41.705,40.963,41.61,40.737,39.253,43.964,17.336,21.015,26.407,42.286,42.318
"m117.102 ((C5H12N2O)H+) ",18.659,18.208,17.914,21.79,24.823,27.73,36.961,37.767,39.833,41.576,40.77,41.514,40.608,39.188,43.835,17.013,20.757,26.439,42.028,42.286
"m117.127 ((C7H16O)H+) ",18.24,17.724,17.688,21.499,24.533,27.311,36.639,37.251,39.607,41.028,40.479,41.126,40.156,38.769,43.48,16.625,20.272,26.375,41.641,42.028
"m118.065 ((C8H7N)H+) ",1.614,1.517,2.002,1.388,1.776,2.195,3.002,2.97,3.778,3.293,3.196,3.357,3.293,4.229,3.035,1.388,1.453,2.486,3.746,3.132
"m118.078 ((C9H10)+) ",1.614,1.549,2.002,1.388,1.743,2.195,3.002,2.97,3.778,3.293,3.229,3.357,3.325,4.229,3.003,1.388,1.485,2.518,3.746,3.132
"m118.081 ((C6H14S)+) ",1.614,1.549,2.002,1.388,1.743,2.195,3.002,2.97,3.81,3.293,3.229,3.357,3.358,4.229,3.003,1.388,1.485,2.518,3.713,3.132
"m118.086 ((C5H11NO2)H+) ",1.614,1.549,2.002,1.388,1.743,2.195,3.002,2.97,3.81,3.261,3.229,3.357,3.358,4.229,3.003,1.388,1.485,2.486,3.713,3.132
"m119.060 ((C7H6N2)H+) ",4.068,7.459,11.397,8.879,9.59,8.558,8.169,9.912,10.88,6.264,7.458,8.814,7.298,6.91,7.879,3.229,10.686,4.521,7.071,7.491
"m119.086 ((C9H10)H+) ",3.842,7.362,11.203,8.75,9.493,8.558,7.975,9.88,10.783,6.232,7.361,8.75,7.201,6.813,7.75,3.003,10.59,4.521,7.006,7.491
"m120.081 ((C8H9N)H+) ",0.871,1.226,1.065,1.098,1.227,0.968,0.807,1.097,1.291,0.936,1.033,1.194,0.904,1.13,0.839,0.968,1.162,0.904,0.968,1
"m121.052 ((C7H7NO)+) ",13.43,15.883,13.72,16.333,14.882,15.56,16.108,16.433,14.431,15.593,13.979,15.56,13.816,15.43,16.463,13.915,14.302,14.494,15.011,14.364
"m121.065 ((C8H8O)H+) ",13.462,15.883,13.72,16.301,14.915,15.56,16.076,16.465,14.431,15.593,13.979,15.56,13.816,15.398,16.496,13.915,14.302,14.462,15.044,14.332
"m121.089 ((C8H11N)+) ",13.43,15.851,13.753,16.204,14.818,15.527,16.044,16.465,14.334,15.528,13.882,15.367,13.816,15.366,16.464,13.915,14.205,14.462,15.011,14.235
"m121.101 ((C9H12)H+) ",13.43,15.818,13.688,16.14,14.753,15.56,16.011,16.271,14.334,15.431,13.914,15.302,13.784,15.333,16.399,13.786,14.14,14.526,14.915,14.203
"m122.060 ((C7H7NO)H+) ",2.066,2.292,2.745,1.679,1.969,1.872,1.969,1.969,2.001,2.324,2.098,2.486,2.615,2.421,2.163,1.549,1.937,2.453,2.034,2.195
"m122.084 ((C7H10N2)+) ",2.099,2.324,2.712,1.679,2.002,1.905,1.97,2.001,2.001,2.389,2.066,2.486,2.615,2.421,2.131,1.549,1.937,2.453,2.002,2.195
"m122.096 ((C8H11N)H+) ",2.099,2.356,2.745,1.711,2.034,1.905,1.97,2.001,2.001,2.389,2.034,2.453,2.518,2.454,2.099,1.549,1.937,2.518,2.002,2.195
"m123.092 ((C7H10N2)H+) ",9.396,10.688,10.686,11.428,11.882,11.396,11.267,11.106,11.623,10.365,10.04,10.364,10.396,10.202,10.041,8.749,10.041,9.977,9.524,11.365
"m124.039 ((C6H5NO2)H+) ",2.098,1.549,1.743,1.872,2.131,2.551,2.066,1.485,1.905,1.775,1.872,1.937,1.84,2.389,1.646,1.711,1.549,1.517,1.969,1.872
"m124.057 ((C4H7F2NO)H+) ",2.098,1.517,1.808,1.808,2.163,2.551,2.098,1.485,1.905,1.775,1.872,1.937,1.808,2.389,1.646,1.711,1.549,1.485,1.969,1.872
"m125.042 ((C7H8S)H+) ",9.393,8.234,8.911,8.265,7.975,9.685,9.105,7.814,8.233,7.394,7.652,7.393,8.007,7.491,7.394,9.331,8.395,7.911,7.168,7.135
"m125.060 ((C7H8O2)H+) ",9.426,8.169,8.911,8.265,7.975,9.717,9.105,7.782,8.265,7.394,7.652,7.361,8.039,7.523,7.394,9.298,8.331,7.943,7.168,7.167
"m125.071 ((C6H8N2O)H+) ",9.426,8.169,8.911,8.298,8.039,9.717,9.105,7.782,8.233,7.394,7.652,7.361,8.104,7.523,7.394,9.298,8.331,7.943,7.2,7.167
"m125.084 ((C7H11NO)+) ",9.393,8.137,8.911,8.298,8.039,9.717,9.105,7.782,8.201,7.394,7.619,7.393,8.104,7.523,7.362,9.298,8.395,7.975,7.2,7.135
"m125.096 ((C8H12O)H+) ",9.393,8.072,8.911,8.298,8.039,9.685,9.105,7.75,8.201,7.394,7.716,7.393,8.104,7.556,7.329,9.298,8.395,7.975,7.136,7.135
"m125.107 ((C7H12N2)H+) ",9.393,8.04,8.911,8.265,8.039,9.685,9.137,7.75,8.201,7.394,7.749,7.425,8.071,7.556,7.329,9.266,8.395,8.008,7.071,7.135
"m125.120 ((C8H15N)+) ",9.393,8.04,8.878,8.362,8.039,9.621,9.137,7.717,8.201,7.394,7.749,7.425,8.104,7.524,7.329,9.234,8.395,8.008,7.071,7.103
"m127.112 ((C8H14O)H+) ",13.429,14.625,16.368,14.431,15.334,16.463,13.913,15.399,16.076,13.237,15.236,14.914,14.043,13.172,14.301,13.429,14.559,24.343,14.269,14.075
"m127.136 ((C8H17N)+) ",13.429,14.56,16.335,14.334,15.334,16.463,13.913,15.27,16.044,13.204,15.236,14.914,14.011,13.172,14.301,13.429,14.624,24.375,14.237,14.011
"m127.903 ((Xe)+) ",2.131,2.292,2.324,2.163,2.357,2.357,2.712,2.131,2.325,1.872,2.325,2.744,2.195,2.744,2.68,2.163,2.486,2.841,2.292,1.969
"m128.120 ((C8H16O)+) ",2.163,2.292,2.357,2.228,2.486,2.486,2.744,2.066,2.292,1.84,2.195,2.486,1.905,2.809,2.486,2.195,2.55,3.261,2.066,2.131
"m128.143 ((C8H17N)H+) ",2.163,2.26,2.357,2.228,2.454,2.486,2.776,2.066,2.325,1.775,2.163,2.486,1.808,2.744,2.518,2.195,2.583,3.261,2.066,2.131
"m128.911 ((Xe)H+) ",9.041,9.299,9.395,8.234,9.137,8.427,7.909,8.104,8.653,7.071,6.748,6.361,6.167,7.296,6.877,9.525,8.265,6.813,7.491,7.038
"m129.045 ((C8H4N2)H+) ",9.106,9.331,9.396,8.266,9.267,8.362,7.974,8.072,8.718,7.006,6.974,6.265,6.329,7.361,6.813,9.461,8.201,7.039,7.523,7.006
"m129.070 ((C10H8)H+) ",9.106,9.396,9.396,8.266,9.299,8.362,7.909,8.072,8.718,7.071,6.974,6.297,6.329,7.329,6.813,9.429,8.201,7.006,7.523,7.071
"m129.091 ((C7H12O2)H+) ",9.042,9.363,9.396,8.331,9.267,8.298,7.942,8.072,8.718,7.039,6.974,6.329,6.361,7.361,6.845,9.461,8.233,7.006,7.523,7.039
"m129.127 ((C8H16O)H+) ",8.977,9.299,9.299,8.298,9.267,8.298,7.877,8.04,8.589,7.007,6.974,6.329,6.297,7.329,6.78,9.396,8.201,7.071,7.459,7.039
"m129.139 ((C7H16N2)H+) ",8.945,9.267,9.299,8.298,9.267,8.298,7.909,8.04,8.621,6.942,6.974,6.329,6.297,7.329,6.78,9.396,8.169,7.071,7.426,7.039
"m129.151 ((C8H19N)+) ",8.848,9.202,9.202,8.298,9.234,8.266,7.909,8.008,8.621,6.91,6.974,6.265,6.297,7.329,6.716,9.364,8.169,7.071,7.426,7.039
"m131.060 ((C8H6N2)H+) ",3.681,5.424,5.328,5.166,5.392,5.908,5.973,6.587,6.264,6.168,6.555,6.135,4.779,6.168,5.263,4.778,5.295,7.039,6.232,5.392
"m131.107 (propylbutanoateH+) ",3.777,5.295,5.295,5.133,5.36,5.812,5.973,6.425,6.264,6.103,6.587,6.103,4.779,6.232,5.263,4.778,5.295,7.071,6.135,5.392
"m131.143 ((C8H18O)H+) ",3.713,5.295,5.295,5.069,5.36,5.747,5.877,6.393,6.329,6.103,6.587,6.039,4.811,6.103,5.328,4.778,5.231,7.071,6.167,5.36
"m131.154 ((C7H18N2)H+) ",3.681,5.199,5.296,5.037,5.327,5.779,5.877,6.329,6.329,6.103,6.587,6.006,4.843,6.071,5.263,4.746,5.198,7.071,6.103,5.328
"m132.066 ((C5H9NO3)H+) ",0.645,0.839,0.871,0.839,0.613,0.839,0.678,1.194,0.968,0.775,0.613,0.549,1.033,0.581,1.033,0.645,0.613,1.065,0.742,0.904
"m132.102 ((C6H13NO2)H+) ",0.645,0.871,0.839,0.903,0.645,0.904,0.71,1.194,0.936,0.775,0.581,0.549,1.065,0.581,1,0.645,0.646,1,0.71,0.968
"m133.065 ((C9H8O)H+) ",2.551,3.94,3.972,2.939,4.198,4.844,3.585,5.329,4.651,3.262,5.006,5.555,4.23,4.424,4.844,2.163,2.712,1.937,2.874,3.681
"m133.101 ((C10H12)H+) ",2.519,3.747,3.843,2.81,3.875,4.683,3.423,5.168,4.36,3.068,4.877,5.265,4.069,4.134,4.457,2.131,2.745,1.873,2.745,3.423
"m135.080 ((C9H10O)H+) ",4.941,6.103,6.911,5.198,5.522,6.07,6.554,7.426,5.587,6.749,5.456,6.942,6.393,6.781,5.909,4.553,5.876,12.752,5.845,5.393
"m135.117 ((C10H14)H+) ",4.909,6.039,6.814,5.134,5.522,6.07,6.49,7.458,5.554,6.684,5.36,6.716,6.328,6.684,5.941,4.553,5.941,12.72,5.877,5.36
"m137.047 ((C7H7NO2)+) ",21.372,116.872,112.508,32.635,29.602,37.154,47.678,123.298,38.867,31.636,35.895,71.598,38.285,97.072,42.256,17.205,25.116,12.042,30.828,38.962
"m137.060 ((C8H8O2)H+_2) ",21.307,116.872,112.508,32.635,29.635,37.219,47.71,123.169,38.802,31.636,35.895,71.566,38.285,97.072,42.256,17.173,25.116,12.042,30.796,38.995
"m137.060 ((C8H8O2)H+) ",21.307,116.872,112.508,32.635,29.635,37.219,47.71,123.169,38.802,31.636,35.895,71.566,38.285,97.072,42.256,17.173,25.116,12.042,30.796,38.995
"m137.071 ((C7H8N2O)H+) ",21.275,116.84,112.508,32.635,29.635,37.219,47.71,123.136,38.802,31.636,35.895,71.63,38.285,97.04,42.256,17.173,25.148,12.042,30.796,39.027
"m137.132 ((C10H16)H+) ",21.243,116.743,112.282,32.636,29.635,37.251,47.646,123.137,38.738,31.572,36.089,71.695,38.188,96.943,42.223,17.108,25.181,11.913,30.86,39.092
"m139.148 (menthol_H2OH+) ",11.299,10.105,10.331,7.233,7.072,7.361,6.586,7.2,6.489,6.135,6.425,6.748,6.102,6.586,5.973,13.075,7.361,6.296,6.36,6.812
"m144.175 ((C9H21N)H+) ",1.42,1.259,0.968,1.679,1.485,1.227,1.517,1.711,1.485,1.776,1.453,1.614,1.84,1.388,2.034,1.097,1.356,1.324,1.711,1.388
"m145.076 ((C9H8N2)H+) ",9.847,10.847,11.492,11.686,11.977,12.042,11.138,13.817,13.398,12.203,13.428,12.719,11.817,12.462,13.365,8.589,12.267,10.138,12.364,11.557
"m145.122 (ethzlhexanoateH+) ",9.911,10.814,11.428,11.654,11.977,12.042,11.138,13.817,13.398,12.203,13.396,12.816,11.817,12.495,13.333,8.589,12.202,10.106,12.364,11.493
"m145.962 ((F6S)+) ",1.904,1.55,1.905,2.227,1.517,1.549,1.969,1.775,2.098,1.937,2.066,2.098,1.905,1.84,2.421,1.485,1.517,2.163,2.195,2.163
"m145.968 (C6Cl2H4+) ",1.904,1.55,1.905,2.195,1.485,1.549,1.969,1.775,2.098,1.937,2.066,2.098,1.905,1.84,2.389,1.453,1.517,2.163,2.195,2.195
"m146.970 ((F6S)H+) ",1.323,2.163,2.163,1.646,2.841,2.163,2.26,2.777,3.488,2.421,3.1,3.584,3.197,3.229,4.037,1.614,2.292,1.259,3.067,2.906
"m146.976 (C6Cl2H5+) ",1.323,2.163,2.163,1.646,2.841,2.163,2.26,2.809,3.488,2.421,3.132,3.584,3.132,3.164,4.037,1.614,2.325,1.259,3.067,2.938
"m148.088 ((C10H12O)+) ",0.645,0.904,0.839,0.678,0.71,0.807,0.775,0.904,0.71,0.678,0.742,0.968,0.742,0.807,1,0.323,0.678,0.904,0.871,0.775
"m148.125 ((C11H16)+) ",0.645,0.904,0.775,0.581,0.71,0.807,0.775,0.807,0.645,0.742,0.71,0.872,0.678,0.839,0.904,0.29,0.678,0.871,0.904,0.775
"m149.096 ((C10H12O)H+) ",2.195,3.875,5.845,10.914,13.847,15.109,17.69,18.918,21.405,19.564,22.338,22.308,23.889,24.925,29.184,3.261,9.751,3.164,20.08,25.438
"m151.075 ((C9H10O2)H+) ",2.583,2.518,2.551,4.262,4.165,4.747,4.585,4.391,5.134,5.747,4.972,5.941,6.362,5.715,6.781,2.195,4.068,4.068,5.037,5.651
"m152.120 ((C10H16O)+) ",0.549,0.516,0.581,0.839,0.839,1,1.259,1.13,1.162,0.968,1.388,1.194,1.13,1.582,1.42,0.645,0.581,1.001,1.259,1.162
"m153.055 ((C8H8O3)H+) ",5.037,4.585,4.456,4.747,5.586,5.102,5.23,4.939,6.07,5.683,6.393,5.876,5.23,5.811,5.263,5.101,4.94,7.847,5.102,4.811
"m153.070 ((C12H8)H+) ",5.037,4.585,4.488,4.714,5.586,5.134,5.23,4.939,6.07,5.715,6.393,5.876,5.23,5.811,5.263,5.101,4.94,7.814,5.07,4.843
"m153.127 ((C10H16O)H+) ",5.037,4.617,4.456,4.779,5.586,5.134,5.295,4.939,5.941,5.683,6.361,5.844,5.263,5.876,5.327,5.069,4.94,7.814,5.102,4.843
"m153.151 ((C10H19N)+) ",5.037,4.649,4.456,4.779,5.586,5.134,5.295,4.939,5.941,5.715,6.329,5.844,5.263,5.876,5.327,5.069,4.94,7.814,5.07,4.843
"m153.980 (C6Cl2H5 iso3ppm+) ",0.645,0.516,1.194,0.968,0.775,1.033,0.904,1.162,0.936,1.065,1.098,1.42,0.871,0.613,1.291,0.904,1.033,1.388,0.839,1.13
"m155.086 ((C12H10)H+) ",3.907,3.971,3.939,4.617,3.907,4.52,5.392,5.36,5.231,4.972,4.972,4.779,4.068,5.391,5.102,3.39,4.65,6.038,4.714,5.166
"m155.107 ((C9H14O2)H+) ",3.874,4.068,3.939,4.649,3.874,4.553,5.36,5.36,5.231,4.972,4.973,4.779,4.068,5.391,5.102,3.39,4.618,6.07,4.714,5.231
"m155.142 (menthoneH+) ",3.874,4.036,3.939,4.617,3.874,4.553,5.36,5.392,5.263,4.94,5.037,4.779,4.1,5.424,5.166,3.39,4.618,6.07,4.746,5.231
"m157.159 (mentholH+) ",3.681,3.261,3.422,3.164,3.455,3.713,3.681,3.842,4.262,3.681,3.326,3.714,3.552,3.423,3.681,3.616,3.681,4.359,3.455,3.196
"m159.174 ((C10H22O)H+) ",7.846,6.878,5.78,7.718,5.844,7.071,15.337,12.172,4.876,12.368,6.264,7.491,6.232,20.274,6.038,3.971,4.327,5.618,5.844,5.134
"m161.132 ((C12H16)H+) ",1.323,1.13,1.227,1.194,1.549,1.614,1.452,1.13,1.969,2.002,1.388,1.324,1.485,1.711,1.711,1.485,1.711,2.292,1.679,1.582
"m162.128 ((C11H15N)H+) ",0.549,0.646,0.742,0.839,0.549,0.549,0.581,0.807,0.742,0.581,0.775,0.936,0.645,0.742,0.71,0.355,0.613,0.549,0.355,0.645
"m163.063 ((C9H9NO2)+) ",2.195,2.873,2.551,3.196,2.809,2.68,3.196,3.584,3.1,3.358,4.133,3.778,4.23,3.971,3.745,3.002,2.551,3.681,3.39,3.519
"m163.075 ((C10H10O2)H+) ",2.195,2.873,2.551,3.196,2.809,2.647,3.196,3.552,3.067,3.358,4.133,3.778,4.198,3.939,3.745,3.002,2.583,3.681,3.39,3.519
"m163.099 ((C10H13NO)+) ",2.227,2.873,2.551,3.164,2.809,2.647,3.228,3.552,3.067,3.358,4.133,3.778,4.133,3.939,3.778,3.002,2.583,3.681,3.39,3.519
"m163.123 ((C10H14N2)H+) ",2.195,2.906,2.551,3.164,2.809,2.647,3.228,3.584,3.067,3.326,4.101,3.746,4.133,3.874,3.778,2.97,2.615,3.681,3.39,3.487
"m163.136 ((C11H17N)+) ",2.163,2.841,2.551,3.164,2.809,2.68,3.228,3.584,3.067,3.326,4.101,3.746,4.133,3.874,3.778,2.97,2.615,3.681,3.39,3.487
"m163.148 ((C12H18)H+) ",2.163,2.841,2.551,3.164,2.809,2.68,3.196,3.552,3.067,3.326,4.101,3.778,4.101,3.874,3.745,2.938,2.615,3.648,3.39,3.519
"m165.091 ((C10H12O2)H+) ",1.162,1.614,1.517,1.646,1.227,1.872,1.775,1.485,1.485,1.291,1.582,2.163,1.711,1.711,1.808,0.871,1.614,2.324,2.002,1.743
"m165.985 ((C3F6O)+) ",0.484,0.581,0.452,0.484,0.484,0.484,0.549,0.774,0.452,0.71,0.645,0.581,0.452,0.645,0.775,0.323,0.484,1.097,0.484,0.613
"m166.062 ((C9H10O3)+) ",0.484,0.549,0.419,0.516,0.516,0.452,0.516,0.774,0.387,0.775,0.645,0.549,0.387,0.71,0.742,0.323,0.548,1.13,0.516,0.678
"m166.078 ((C13H10)+) ",0.484,0.581,0.419,0.516,0.549,0.452,0.549,0.774,0.355,0.775,0.645,0.581,0.387,0.678,0.742,0.323,0.548,1.13,0.484,0.678
"m166.135 ((C11H18O)+) ",0.484,0.581,0.419,0.484,0.452,0.484,0.549,0.71,0.42,0.742,0.581,0.613,0.387,0.678,0.742,0.323,0.581,1.13,0.484,0.645
"m167.070 ((C9H10O3)H+) ",1.549,1.582,1.678,1.808,1.711,1.808,1.775,2.098,2.421,1.776,1.679,1.84,2.357,2.131,2.905,1.033,1.517,4.391,1.775,2.066
"m167.086 ((C13H10)H+) ",1.549,1.582,1.678,1.808,1.711,1.775,1.775,2.066,2.325,1.776,1.679,1.84,2.357,2.131,2.906,1.033,1.517,4.391,1.775,2.066
"m174.140 ((C13H18)+) ",2.453,2.357,2.486,2.55,2.938,3.39,3.423,2.744,3.228,3.487,3.293,3.39,3.648,2.808,3.874,2.163,2.68,3.325,3.293,3.326
"m175.148 ((C13H18)H+) ",0.645,0.678,0.581,0.549,0.516,0.42,0.71,1.097,0.839,0.742,1.065,1,1.065,0.839,0.936,0.775,0.678,0.742,0.904,0.71
"m178.062 ((C10H10O3)+) ",0.419,0.419,0.355,0.645,0.452,0.678,1.194,1.098,0.678,0.936,0.775,0.71,0.387,1.42,0.452,0.194,0.613,0.549,0.613,0.549
"m178.123 ((C11H15NO)H+) ",0.419,0.387,0.419,0.645,0.484,0.645,1.194,1.033,0.613,0.968,0.839,0.645,0.387,1.356,0.355,0.161,0.613,0.516,0.549,0.484
"m179.086 ((C14H10)H+) ",0.516,0.742,0.581,0.678,0.775,0.968,0.645,0.936,0.839,0.936,0.775,1.162,1.194,1.13,1.194,0.258,0.613,0.839,1.065,0.807
"m179.107 ((C11H14O2)H+) ",0.484,0.71,0.581,0.678,0.807,0.968,0.645,0.936,0.839,0.936,0.807,1.162,1.194,1.098,1.194,0.29,0.581,0.839,1.065,0.807
"m179.128 ((C8H18O4)H+) ",0.452,0.678,0.613,0.645,0.775,0.936,0.645,0.936,0.839,0.904,0.839,1.227,1.194,1.13,1.162,0.29,0.581,0.839,1.065,0.807
"m179.929 (C6Cl3H3+) ",0.774,0.742,1.065,1.13,1.55,1.259,1.13,1,1.259,1.033,1.227,1,1.097,1.582,1.291,0.936,1.227,0.645,1.453,1.485
"m180.081 ((C13H9N)H+) ",0.742,0.775,1.097,1.162,1.614,1.291,1.162,1,1.291,1.033,1.259,1,1.001,1.614,1.324,0.936,1.227,0.581,1.485,1.42
"m180.093 ((C14H12)+) ",0.742,0.742,1.097,1.162,1.582,1.291,1.162,1,1.259,1.065,1.227,1,1.033,1.582,1.356,0.968,1.227,0.581,1.517,1.42
"m180.151 ((C12H20O)+) ",0.839,0.775,1.13,1.13,1.582,1.259,1.13,1.065,1.259,1.13,1.227,1.097,1.065,1.582,1.324,0.904,1.13,0.645,1.485,1.453
"m180.937 (C6Cl3H4+) ",18.594,19.531,18.981,24.051,21.049,22.275,40.325,37.32,19.402,32.961,23.759,22.24,23.05,58.237,22.533,12.106,16.85,5.134,17.723,19.077
"m181.076 ((C12H8N2)H+) ",18.498,19.531,18.852,23.954,20.985,22.243,40.261,37.32,19.273,32.993,23.662,22.305,23.114,58.204,22.469,12.106,16.85,5.037,17.787,19.013
"m181.101 ((C14H12)H+) ",18.465,19.499,18.82,23.987,20.985,22.211,40.228,37.223,19.241,32.961,23.63,22.273,23.114,58.204,22.404,12.073,16.818,5.037,17.755,19.045
"m181.159 ((C12H20O)H+) ",18.078,19.047,18.465,23.696,20.662,21.92,40.002,37.159,19.047,32.735,23.34,22.015,22.759,58.075,22.082,11.525,16.495,5.037,17.691,18.755
"m181.170 ((C11H20N2)H+) ",18.014,18.853,18.368,23.599,20.436,21.662,39.906,36.998,18.983,32.671,23.21,22.047,22.695,58.011,22.017,11.46,16.269,5.037,17.529,18.69
"m182.109 ((C14H14)+) ",1.679,2.034,1.905,2.551,2.841,2.259,3.261,2.712,2.228,3.196,3.003,2.357,2.422,4.682,2.357,1.453,2.131,0.839,2.454,2.26
"m183.047 ((C9H10O2S)H+) ",14.397,14.302,14.593,14.85,18.787,17.691,18.271,17.53,17.821,18.466,20.081,17.853,19.176,20.564,19.305,12.204,16.464,5.329,17.788,19.854
"m183.080 ((C13H10O)H+) ",14.397,14.302,14.593,14.85,18.787,17.691,18.239,17.497,17.885,18.433,20.049,17.821,19.176,20.532,19.306,12.172,16.464,5.296,17.788,19.854
"m186.140 ((C14H18)+) ",0.549,0.678,0.516,0.678,0.645,0.871,0.516,0.581,0.742,0.678,1.001,0.775,1.033,0.839,0.613,0.581,0.936,0.549,0.645,0.904
"m187.148 ((C14H18)H+) ",1.356,1.388,1.323,1.646,1.646,0.936,1.55,1.582,1.485,1.549,1.84,1.937,1.517,2.002,1.582,0.904,1.42,1.259,1.194,1.679
"m188.937 (C6Cl3H4 iso57ppm+) ",0.452,0.484,0.871,0.581,0.549,0.775,0.484,0.742,0.678,0.516,0.645,0.516,0.581,0.678,0.775,0.355,0.516,0.323,0.387,0.678
"m189.164 ((C14H20)H+) ",0.452,0.484,0.775,0.549,0.419,0.807,0.516,0.71,0.613,0.419,0.516,0.742,0.42,0.452,0.645,0.355,0.484,0.419,0.419,0.678
"m191.143 ((C13H18O)H+) ",1.162,2.002,2.454,1.614,2.099,1.84,1.582,2.034,2.293,1.453,2.454,3.1,2.067,2.357,2.487,0.549,1.033,0.968,1.42,1.679
"m192.093 ((C15H12)+) ",0.742,1.388,2.066,1.227,2.422,2.066,1.227,1.905,2.034,1.42,1.808,2.325,1.194,2.228,1.937,0.71,1.065,0.678,0.742,1.453
"m193.101 ((C15H12)H+) ",1.356,3.326,4.004,2.422,3.811,3.262,2.874,3.391,4.263,2.454,4.586,5.911,2.81,3.875,4.392,0.484,1.776,0.839,1.711,2.163
"m193.122 ((C12H16O2)H+) ",1.388,3.262,3.94,2.389,3.746,3.1,2.777,3.391,4.102,2.486,4.521,5.749,2.68,3.875,4.199,0.484,1.776,0.839,1.614,2.131
"m194.154 ((C12H19NO)H+) ",0.775,1.323,1.356,1.162,1.291,1.614,1.324,1.582,1.485,0.871,1.937,2.164,1.291,1.937,1.776,0.355,0.904,0.581,0.904,0.839
"m195.065 ((C10H10O4)H+) ",0.678,1.227,1.097,1.162,1.033,1.162,0.936,1.872,1.55,1.13,1.485,1.743,1.227,1.323,1.517,0.613,0.71,0.936,1.388,1.227
"m195.138 ((C12H18O2)H+) ",0.645,1.227,1.162,1.194,1.001,1.227,0.968,1.84,1.614,1.13,1.324,1.711,1.227,1.291,1.485,0.613,0.645,1.001,1.356,1.162
"m197.132 ((C15H16)H+) ",0.452,0.904,0.871,0.904,0.871,1.001,1.033,1.259,1.259,0.678,0.807,0.968,0.871,1.679,1.033,1,0.645,1.517,0.549,0.904
"m199.148 ((C15H18)H+) ",1.001,0.936,1.098,1.13,1.808,1.388,1.517,1.808,1.582,1.388,1.646,1.776,1.452,1.711,1.485,1.001,1.033,1.969,1.485,1.614
"m201.139 ((C13H16N2)H+) ",4.811,5.586,5.618,6.489,6.715,7.588,7.49,8.104,8.588,9.524,8.944,8.653,8.299,8.75,8.976,2.938,6.457,8.135,9.008,8.297
"m201.233 ((C12H28N2)H+) ",4.779,5.586,5.618,6.489,6.683,7.62,7.49,8.136,8.426,9.492,8.977,8.653,8.331,8.686,8.944,2.938,6.425,8.168,9.008,8.265
"m203.086 ((C16H10)H+) ",0.71,0.549,0.484,0.549,1.001,0.807,0.936,0.581,0.516,0.775,0.742,1.033,0.549,0.549,0.839,0.355,0.484,0.742,0.742,0.613
"m203.154 ((C13H18N2)H+) ",0.613,0.581,0.452,0.484,1.001,0.775,0.936,0.581,0.484,0.71,0.742,1.065,0.581,0.581,0.839,0.355,0.484,0.71,0.742,0.549
"m204.187 ((C15H24)+) ",0.29,0.323,0.419,0.29,0.387,0.419,0.549,0.161,0.484,0.419,0.29,0.42,0.387,0.29,0.807,0.065,0.419,0.29,0.258,0.323
"m205.157 ((C12H19N3)+) ",0.742,1,0.775,0.871,0.936,0.871,1.033,1.13,1,1.033,0.968,1.162,1.033,0.742,0.871,0.807,1,0.936,1.033,1.097
"m205.195 ((C15H24)H+) ",0.742,1,0.775,0.871,0.968,0.871,0.968,1.097,1,1.033,0.968,1.162,1.033,0.742,0.871,0.807,0.968,0.936,1.033,1.162
"m211.148 ((C16H18)H+) ",4.068,10.56,11.462,5.521,10.042,10.301,5.974,11.333,11.527,5.522,12.368,13.012,6.072,10.721,13.335,0.774,2.712,1.065,1.969,4.457
"m228.093 ((C18H12)+) ",3.713,11.3,12.172,5.49,8.686,8.976,4.617,10.17,10.234,4.488,12.105,14.076,5.231,10.686,12.236,0.161,1.969,0.452,2.357,3.616
"m228.269 ((C15H33N)H+) ",3.681,11.138,12.108,5.619,8.686,8.976,4.456,10.105,10.267,4.391,11.976,13.947,5.328,10.686,12.171,0.161,1.937,0.42,2.292,3.487
"m237.164 ((C18H20)H+) ",0.516,0.613,0.613,0.613,0.871,0.516,0.613,0.678,0.871,0.71,0.936,0.936,0.807,0.645,0.678,0.258,0.742,0.839,0.807,0.645
"m239.007 ((U)H+) ",0.452,0.742,0.871,0.581,1.033,0.904,0.839,0.839,1.259,1.033,1.227,1.194,0.904,0.871,1.065,0.484,0.549,0.613,0.871,0.613
"m239.179 ((C18H22)H+) ",0.419,0.742,0.904,0.645,1.065,0.904,0.904,0.904,1.259,1.065,1.227,1.065,0.872,0.904,1.13,0.484,0.484,0.645,0.775,0.581
"m150.000 (TIC) ",514.322,663.546,705.896,702.423,760.723,855.486,963.082,1012.187,927.855,869.965,866.662,886.619,760.818,893.023,782.485,484.877,664.521,503.559,855.356,772.443
