"m.z","ES0_1","ES0_2","ES0_3","ES0.5_1","ES0.5_2","ES0.5_3","ES2.5_1","ES2.5_2","ES2.5_3","ES5_1","ES5_2","ES5_3","ES8_1","ES8_2","ES8_3","ES0","ES0.5","ES2.5","ES5","ES8"
"m17.026 ((H3N)+) ",123.853,121.886,119.977,120.397,121.172,116.26,110.061,124.012,113.742,107.028,110.449,107.576,102.215,104.734,108.575,121.719,118.392,110.449,105.967,102.958
"m18.010 ((H2O)+) ",7599.745,7528.739,7589.041,7456.251,7532.734,7508.884,7353.242,7375.386,7493.632,7336.502,7589.079,7423.588,7269.219,7284.667,7490.732,7536.676,7409.646,7326.268,7268.672,7234.646
"m18.034 ((H3N)H+) ",7610.995,7542.016,7604.775,7470.455,7547.985,7525.937,7367.731,7407.193,7508.702,7351.448,7602.897,7439.349,7286.727,7299.426,7504.504,7548.551,7424.746,7342.96,7284.943,7250.17
"m19.018 ((H2O)H+) ",514781.187,516592.406,513418.281,516614.906,514799.312,515182.344,516641.062,528094.625,512421.375,516935,516459.312,520664.25,516464.75,516806.437,514187.531,514656.125,513442.969,515083.219,515420.187,516280.062
"m21.022 (H3O 18+) ",1946.067,1968.659,1943.11,1952.102,1971.252,1996.78,1986.031,1794.564,2019.002,1979.061,1990.817,1997.151,1977.201,1992.745,2058.759,1984.155,1975.58,1976.937,1982.599,1973.728
"m26.015 ((C2H2)+) ",6.266,6.492,6.427,6.105,6.685,6.006,6.847,6.201,8.203,6.168,6.976,10.915,5.652,6.879,7.945,6.266,6.137,6.362,6.448,6.428
"m27.010 ((CHN)+) ",24.342,33.445,48.258,40.156,40.577,35.865,29.442,43.706,31.379,28.153,31.67,37.898,27.863,28.828,36.899,16.337,26.762,25.214,24.22,27.537
"m27.994 ((CO)+) ",30.536,29.148,30.569,27.632,27.954,30.181,26.794,30.245,28.892,25.986,25.049,33.382,25.887,25.372,28.311,29.666,29.505,26.47,27.058,28.213
"m28.006 ((N2)+) ",30.569,29.245,30.537,27.599,28.051,30.213,26.794,30.213,28.924,25.922,24.985,33.318,25.984,25.533,28.796,29.569,29.312,26.503,27.219,28.245
"m28.018 ((CHN)H+) ",30.504,29.342,30.699,27.761,28.342,30.213,26.955,30.181,29.021,25.954,25.114,33.35,26.113,25.566,28.925,29.601,29.667,26.47,27.299,28.277
"m28.031 ((C2H4)+) ",30.439,29.213,30.763,27.567,28.31,30.245,26.826,30.213,29.086,26.245,25.275,33.512,25.887,25.598,28.86,29.472,29.667,26.406,27.098,28.342
"m29.002 ((CHO)+) ",5006.738,4979.616,4960.493,4924.912,4899.905,4909.278,4793.863,4810.317,4795.179,4711.212,4692.661,4737.899,4635.519,4658.445,4675.578,5058.57,4926.138,4836.809,4738.266,4634.314
"m29.013 ((N2)H+) ",5007.109,4980.111,4960.969,4925.285,4900.454,4909.557,4794.469,4811.542,4795.318,4711.916,4693.4,4738.444,4635.921,4658.92,4676.106,5058.698,4926.373,4837.053,4738.719,4634.651
"m29.026 ((CH3N)+) ",5006.532,4980.167,4961.11,4925.172,4900.503,4909.834,4793.752,4812.184,4794.899,4711.73,4693.442,4738.324,4635.603,4658.689,4676.191,5058.058,4926.154,4837.1,4738.682,4634.593
"m29.039 ((C2H5)+) ",5005.556,4979.271,4960.225,4924.502,4899.609,4909.236,4792.909,4812.167,4794.235,4710.984,4692.903,4737.98,4634.976,4658.151,4675.385,5057.522,4925.504,4836.493,4737.93,4633.981
"m29.997 (NO+) ",3664.489,3643.031,3631.721,3569.649,3608.886,3594.318,3568.483,3454.094,3542.314,3539.276,3510.426,3493.723,3491.932,3493.653,3465.471,3702.051,3611.281,3584.895,3563.432,3528.002
"m30.021 ((H2N2)+) ",3664.173,3642.684,3631.637,3569.297,3608.51,3594.128,3568.492,3454.221,3541.762,3539.121,3510.573,3493.542,3491.911,3493.833,3465.419,3702.01,3610.571,3584.541,3563.221,3528.081
"m30.034 ((CH3N)H+) ",3663.319,3641.934,3630.846,3568.31,3607.794,3593.434,3567.958,3454.05,3541.133,3538.459,3510.142,3492.588,3491.246,3493.112,3464.209,3701.411,3609.882,3583.943,3562.474,3527.521
"m30.046 ((C2H5)H+) ",3660.723,3639.79,3629.094,3566.228,3606.27,3591.87,3566.211,3453.82,3539.572,3535.994,3508.029,3491.584,3490.545,3491.518,3462.095,3698.819,3608.584,3582.387,3561.294,3525.409
"m31.005 ((NO)H+) ",166.891,173.419,207.963,182.441,197.738,114.716,114.459,256.68,116.235,128.479,118.363,114.069,129.156,125.988,111.811,136.169,124.894,110.198,136.934,133.031
"m31.018 ((CH2O)H+) ",167.021,173.257,208.028,182.538,197.9,114.555,114.362,257.294,115.976,128.156,118.234,114.102,129.124,126.44,112.005,135.814,125.023,110.133,137.375,133.289
"m31.029 ((H2N2)H+) ",166.698,172.999,207.64,181.99,197.448,114.587,113.975,257.456,115.815,128.124,118.46,113.876,128.866,126.311,111.973,135.265,124.797,110.198,136.974,132.934
"m31.042 ((CH5N)+) ",165.569,172.58,207.576,181.441,197.125,114.167,113.458,257.392,115.525,127.478,118.04,113.165,128.059,125.504,111.23,133.715,123.925,109.52,136.173,132.256
"m31.054 ((C2H6)H+) ",162.987,170.901,206.769,180.537,196.157,113.36,112.07,256.941,114.298,125.509,116.878,112.229,127.413,124.633,110.359,131.327,122.666,107.971,134.492,131.481
"m31.989 (O2+) ",64545.156,63660.582,60582.668,60305.238,58069.293,56857.555,60929.863,59713.82,52071.785,59089.258,58061.43,55826.422,57710.395,57224.492,47763.898,66147.367,64087.07,62420.566,60354.836,58787.551
"m32.049 ((CH5N)H+) ",64472.762,63590.73,60521.227,60238.773,58011.055,56799.391,60861.84,59686.926,52013.301,59030.551,57999.074,55767.859,57644.641,57160.07,47709.961,66068.828,64020.973,62355.371,60286.355,58725.078
"m32.989 ((H2P)+) ",12708.12,16954.791,30773.432,25406.02,31269.078,8271.343,11019.431,32911.48,13928.36,14588.717,13854.407,14051.392,15004.018,14577.303,15622.131,2856.151,4376.763,5664.546,15441.161,15977.128
"m32.989 (O2 17+) ",12707.539,16954.273,30773.109,25405.762,31268.691,8271.084,11019.205,32911.48,13928.037,14588.395,13854.149,14050.811,15003.759,14577.012,15621.937,2856.022,4376.343,5664.223,15440.841,15976.709
"m32.997 ((O2)H+) ",12713.738,16964.572,30795.73,25427.525,31297.057,8278.175,11028.162,33023.59,13940.382,14601.555,13867.981,14064.039,15017.696,14590.768,15635.307,2857.125,4379.941,5669.363,15455.463,15993.434
"m33.033 ((CH4O)H+) ",12714.565,16968.666,30803.877,25434.928,31309.994,8281.31,11031.553,33072.758,13945.384,14606.502,13873.008,14068.993,15023.796,14597.514,15640.428,2857.286,4380.801,5670.212,15462.63,15999.42
"m33.045 ((H4N2)H+) ",12712.152,16966.932,30801.365,25432.441,31307.875,8281.145,11029.648,33071.645,13943.869,14605.213,13871.983,14067.65,15022.022,14595.704,15639.09,2857.196,4379.443,5669.762,15461.434,15997.307
"m33.987 ((H2S)+) ",433.1,490.205,654.131,577.205,646.779,353.437,402.251,674.681,403.777,444.872,423.235,424.24,447.01,434.972,403.709,323.056,329.988,335.879,447.142,461.06
"m33.997 ((H2P)H+) ",432.749,490.273,653.718,577.568,647.175,353.442,402.093,676.642,403.618,444.876,423.078,424.277,446.787,435.656,403.681,322.865,330.056,335.654,446.905,461.292
"m34.005 ((H2O2)+) ",432.721,489.922,653.887,577.444,647.442,353.542,402.227,676.94,403.169,444.945,423.276,424.314,446.823,435.53,403.879,322.738,330.059,335.463,446.789,461.361
"m34.995 ((H2S)H+) ",39.938,48.654,79.391,66.891,79.388,26.639,32.646,87.075,37.742,40.613,41.713,40.355,41.714,43.551,43.842,17.567,18.309,21.987,41.633,46.264
"m35.005 ((H3P)H+) ",39.841,48.267,79.229,66.988,79.323,26.704,32.647,87.365,37.71,40.322,41.422,40.29,41.617,43.293,43.648,17.341,18.244,21.826,41.593,46.006
"m35.976 ((HCl)+) ",7.332,8.301,9.979,10.141,9.205,6.783,7.428,9.882,6.912,8.591,7.073,8.656,6.943,8.46,7.783,6.072,6.88,6.621,8.61,8.268
"m36.984 ((HCl)H+) ",10469.677,11037.349,11718.675,11452.936,13710.261,15120.253,15820.889,9691.899,19099.488,18084.518,18384.947,18409.789,19856.725,19874.002,26505.627,10279.943,12881.521,14386.257,18222.926,19711.984
"m37.028 (cluster h2oH+) ",10472.298,11039.303,11723.917,11457.543,13716.541,15126.324,15826.489,9706.041,19107.93,18092.797,18392.789,18419.076,19865.264,19882.979,26517.141,10281.318,12887.055,14394.566,18229.859,19722.279
"m41.002 ((C2O)H+) ",278.65,423.273,633.814,508.181,576.438,488.351,368.746,552.85,417.988,330.806,393.927,481.698,347.977,405.57,483.515,138.874,319.274,335.409,308.536,340.394
"m41.026 ((C2H3N)+) ",278.941,423.276,634.109,508.184,576.604,488.84,368.686,553.372,418.282,330.777,394.059,481.96,348.207,405.896,483.519,138.939,319.73,336.029,308.86,340.495
"m41.039 ((C3H5)+) ",278.683,423.18,634.175,507.991,576.411,488.81,368.59,553.471,418.219,330.778,394.061,481.864,348.144,405.575,483.456,139.068,319.602,335.965,309.062,340.625
"m42.034 ((C2H3N)H+) ",154.76,143.388,118.938,119.776,110.636,139.546,133.146,101.85,135.021,157.44,134.924,126.688,160.639,153.824,140.061,185.275,189.222,148.944,166.37,158.831
"m43.018 ((C2H3O)+) ",1100.328,1104.074,2065.018,1340.804,1812.122,1596.501,1538.883,2122.384,1417.401,887.322,1617.305,1378.964,1221.489,975.76,1838.777,649.102,852.647,986.711,905.008,839.104
"m43.054 ((C3H7)+) ",1096.059,1099.381,2059.998,1337.76,1808.22,1592.571,1534.692,2118.187,1413.652,883.95,1613.206,1376.053,1218.68,972.576,1832.616,644.014,848.505,983.344,901.023,835.537
"m43.989 ((CO2)+) ",63.532,61.535,80.257,66.311,80.031,76.03,69.151,84.42,70.379,54.334,68.924,65.568,63.149,55.563,83.619,60.793,58.63,60.534,55.003,52.594
"m44.001 ((N2O)+) ",63.371,61.309,80.225,66.214,80.225,76.031,69.151,84.55,70.476,54.463,68.762,65.504,63.149,55.692,83.587,60.696,58.695,60.47,54.923,52.594
"m44.062 ((C3H8)+) ",61.756,59.791,79.127,65.051,79.385,74.739,68.021,84.259,69.087,53.042,67.955,64.826,61.986,54.304,82.392,57.951,56.79,59.049,53.482,51.109
"m44.997 ((CO2)H+) ",526.035,676.884,1321.562,1603.221,1872.039,2112.612,715.616,1778.261,2998.16,696.806,1240.028,1702.308,731.773,1118.06,3522.191,307.73,310.061,372.17,322.177,327.328
"m45.033 ((C2H5O)+) ",525.714,676.498,1321.057,1602.98,1871.409,2112.053,715.588,1778.289,2996.754,696.746,1239.621,1702.062,731.13,1117.227,3521.17,307.634,309.966,372.14,322.019,327.169
"m45.992 ((NO2)+) ",47.719,50.235,61.858,65.473,72.093,69.637,48.654,70.536,81.324,45.747,62.151,63.376,48.072,52.753,85.134,40.746,42.458,44.554,39.436,38.099
"m46.021 ((C2H3F)+) ",47.655,50.139,61.503,65.441,72.157,69.572,48.364,70.504,81.195,45.844,62.022,63.279,47.975,52.688,85.167,40.811,42.394,44.554,39.276,38.067
"m47.013 ((CH2O2)H+) ",163.065,162.839,175.122,171.469,170.662,142.811,146.071,157.249,178.457,151.565,163.945,166.267,151.694,160.226,193.911,166.88,163.551,130.085,146.416,144.551
"m47.037 ((CH5NO)+) ",162.936,162.968,175.348,171.436,170.662,142.843,146.103,157.216,178.425,151.339,163.784,166.364,151.662,160.226,193.976,166.881,163.745,130.118,146.417,144.584
"m47.049 ((C2H6O)H+) ",162.936,163.001,175.252,171.372,170.597,142.714,146.168,157.281,178.489,151.339,163.719,166.396,151.629,160.129,193.879,166.848,163.745,130.118,146.377,144.648
"m47.060 ((CH6N2)H+) ",162.807,162.968,175.123,171.307,170.404,142.714,146.2,157.216,178.489,151.274,163.622,166.428,151.597,160.29,194.008,166.881,163.713,130.086,146.377,144.616
"m47.984 ((O3)+) ",5.425,6.361,4.779,5.328,5.07,4.65,7.007,6.426,11.72,6.297,7.459,7.556,7.621,8.784,10.526,5.328,4.714,4.424,4.084,4.521
"m49.011 ((CH4S)H+) ",3.422,3.52,5.716,4.746,4.973,3.617,12.267,25.531,46.317,27.629,20.949,25.112,52.094,18.723,20.528,3.1,2.616,2.841,2.563,2.81
"m49.992 ((CH3Cl)+) ",8.296,8.489,8.264,8.2,7.618,9.653,8.296,8.491,9.458,8.749,9.555,9.136,10.039,9.91,7.813,8.426,9.36,9.363,9.205,9.911
"m51.000 ((CH3Cl)H+) ",11.557,15.687,26.728,21.755,33.439,11.331,14.333,25.37,23.08,22.627,20.24,20.433,27.051,23.628,30.569,5.167,5.845,7.426,22.296,23.789
"m52.012 ((CH2F2)+) ",1.291,2.325,1.711,1.485,2.066,1.905,1.421,1.97,1.324,1.42,1.84,1.743,1.711,1.97,1.873,1.744,1.42,1.42,1.682,1.582
"m52.018 ((C3HN)H+) ",1.259,2.325,1.776,1.485,2.034,1.905,1.453,1.97,1.356,1.485,1.873,1.743,1.711,2.066,1.969,1.744,1.42,1.453,1.722,1.614
"m53.026 ((C3H3N)+) ",7.748,7.942,9.266,8.814,9.621,9.75,7.682,8.555,7.781,6.846,7.619,7.49,6.49,7.103,7.264,5.554,6.845,6.942,6.725,5.974
"m53.939 ((Fe)+) ",3.455,3.874,10.715,4.746,5.295,5.586,3.712,4.036,4.23,2.615,3.584,2.938,2.744,3.325,3.294,2.163,2.292,2.744,2.202,2.583
"m54.046 ((C4H6)+) ",3.487,4.068,10.942,4.618,5.36,5.683,3.809,4.036,4.327,2.357,3.584,3.1,2.648,3.487,3.391,2.131,2.68,2.712,2.242,2.648
"m54.947 ((Fe)H+) ",66.072,85.314,110.667,98.554,114.219,107.794,91.805,100.653,99.364,84.025,100.365,100.492,87.642,92.707,108.795,48.382,74.563,81.407,76.93,84.572
"m57.033 ((C3H4O)H+) ",198.797,319.165,521.154,394.571,489.864,411.814,257.314,474.677,346.375,240.234,322.633,434.872,277.255,347.61,479.057,30.925,190.998,232.793,227.082,265.081
"m57.070 ((C4H8)H+) ",198.7,319.036,520.897,394.411,489.8,411.557,256.927,474.809,346.442,240.266,322.407,434.906,277.029,347.482,478.897,30.732,190.836,232.89,226.962,264.952
"m59.049 ((C3H6O)H+) ",8875.451,7190.72,3512.217,3730.135,4042.481,6417.988,5986.331,6477.755,5200.64,6771.745,4559.562,4103.457,6919.815,6621.772,5463.737,12147.354,10007.779,8222.61,8162.243,7461.548
"m59.086 ((C4H10)H+) ",8869.985,7186.69,3509.623,3728.053,4040.353,6414.315,5982.642,6475.915,5196.913,6768.479,4557.441,4101.825,6915.116,6618.478,5461.093,12139.99,10002.583,8217.435,8157.498,7457.861
"m61.028 ((C2H4O2)H+) ",1458.21,1397.29,2777.087,1812.881,2628.393,2364.648,2067.935,3375.159,2008.443,947.383,2175.548,1759.674,1434.854,1031.099,2344.631,708.379,942.878,1212.612,955.745,833.653
"m61.065 ((C3H8O)H+) ",1457.702,1396.651,2775.781,1812.051,2626.828,2363.045,2067.141,3374.638,2007.741,946.839,2174.497,1759.136,1434.247,1030.424,2343.882,707.769,942.559,1212.069,955.347,833.497
"m62.995 ((HNO3)+) ",21.403,55.326,112.217,117.773,204.743,168.428,322.504,190.092,484.447,155.572,201.118,329.303,183.31,332.356,403.098,7.653,116.997,134.89,89.903,88.188
"m63.026 ((C2H6S)H+) ",21.274,55.261,112.185,117.773,204.84,168.331,322.343,190.189,484.093,155.637,200.924,329.272,183.149,332.552,402.872,7.815,116.932,135.052,89.783,88.188
"m64.003 ((HNO3)H+) ",2.293,2.971,3.649,4.133,5.975,4.715,9.685,6.91,16.303,5.554,7.361,10.428,6.522,10.717,12.686,2.293,4.165,4.166,3.604,2.777
"m65.020 ((C2H2F2)H+) ",3.23,4.65,7.62,7.007,9.105,8.493,14.754,9.686,22.531,8.589,10.783,14.46,10.396,19.432,18.948,2.906,5.91,5.618,4.644,4.553
"m68.049 ((C4H5N)H+) ",1.743,3.325,5.133,5.941,7.586,8.524,6.296,4.876,7.812,6.328,7.685,6.618,7.975,7.264,7.426,1.775,6.457,6.974,6.966,6.361
"m69.033 ((C4H4O)H+) ",54.427,60.722,76.964,65.79,73.994,72.568,69.182,62.786,69.405,62.948,68.791,71.634,61.977,68.437,72.989,45.194,62.883,61.174,66.008,62.754
"m69.070 ((C5H8)H+) ",54.427,60.657,76.867,65.855,73.865,72.6,69.053,62.721,69.34,62.948,68.662,71.634,61.977,68.437,73.054,45.227,62.915,61.078,66.049,62.722
"m71.049 ((C4H6O)H+) ",30.862,52.13,84.319,68.596,85.609,73.309,57.783,60.849,59.491,48.129,58.619,65.752,48.806,59.33,77.765,15.109,48.839,49.355,43.032,46.61
"m71.086 ((C5H10)H+) ",30.797,52.065,84.416,68.466,85.576,73.471,57.653,60.817,59.555,48.259,58.49,65.72,48.806,59.362,77.765,15.109,48.839,49.356,42.992,46.61
"m73.065 ((C4H8O)H+) ",107.081,162.997,260.584,207.43,345.509,324.193,255.732,523.33,242.728,161.028,238.294,271.623,176.736,222.924,265.376,37.798,117.129,211.218,155.669,172.762
"m75.044 ((C3H6O2)H+) ",224.152,191.903,710.266,276.703,338.183,244.987,316.318,632.271,228.78,104.079,248.974,228.716,193.62,149.204,617.418,39.702,77.049,116.062,86.579,92.585
"m75.068 ((C3H9NO)+) ",224.119,191.806,710.073,276.606,337.926,244.826,316.124,632.208,228.683,103.918,249.103,228.619,193.653,149.108,617.419,39.735,76.952,115.997,86.499,92.52
"m77.060 ((C3H8O2)H+) ",65.504,65.147,63.759,59.789,56.656,50.718,48.652,31.478,43.262,47.78,46.361,43.842,46.908,45.908,44.943,60.434,55.203,48.524,49.239,44.582
"m78.046 ((C6H6)+) ",11.625,9.526,9.203,8.59,8.622,7.266,7.233,4.715,7.62,8.783,7.428,7.202,8.493,7.589,7.491,9.139,9.107,6.976,7.168,7.944
"m79.054 ((C6H6)H+) ",21.854,21.596,25.924,24.211,21.338,22.242,24.375,20.079,25.925,25.18,30.639,26.183,29.25,26.668,26.277,20.498,24.083,24.758,26.219,27.828
"m80.049 ((C5H5N)H+) ",2.389,3.1,2.938,2.712,2.615,2.971,3.713,2.55,3.52,3.52,3.972,3.714,2.971,3.358,3.455,2.647,3.358,3.551,3.563,3.939
"m81.070 ((C6H8)H+) ",25.76,26.049,46.355,42.385,31.862,43.998,58.425,26.793,61.68,58.197,78.35,74.467,57.163,56.324,63.526,24.564,29.02,60.134,58.836,63.556
"m82.078 ((C6H10)+) ",3.229,3.842,5.748,4.65,4.52,4.811,6.199,3.906,6.555,6.458,7.586,6.877,5.037,5.521,6.263,3.39,4.424,5.973,6.206,6.006
"m82.989 ((H3O3P)H+) ",40.682,47.977,59.891,54.659,63.281,64.215,50.488,56.979,59.277,47.808,51.137,51.942,49.616,50.94,59.628,31.347,44.195,51.813,47.193,47.999
"m83.010 ((C2HF3)H+) ",40.714,48.01,59.988,54.659,63.41,64.28,50.585,57.302,59.374,47.872,51.202,52.136,49.777,51.004,59.725,31.412,44.195,52.007,47.393,48.063
"m83.049 ((C5H6O)H+) ",40.714,47.945,60.02,54.627,63.539,64.183,50.682,57.302,59.181,48.002,51.266,52.201,49.68,51.134,59.79,31.379,44.26,52.104,47.433,48.031
"m83.086 ((C6H10)H+) ",40.649,47.913,59.924,54.659,63.41,64.086,50.714,57.173,59.051,48.098,51.17,52.071,49.745,51.198,59.66,31.347,44.26,51.943,47.313,47.902
"m83.911 ((Kr)+) ",5.909,7.362,7.039,6.329,6.425,5.908,7.136,4.294,5.683,6.781,6.005,5.457,6.393,6.425,7.296,6.458,7.684,6.167,8.487,7.523
"m84.081 ((C5H9N)H+) ",7.136,8.719,9.234,8.073,8.459,7.685,8.59,7.33,8.04,7.911,8.072,6.942,8.363,8.266,9.234,6.878,9.655,8.266,9.849,9.525
"m84.919 ((Kr)H+) ",29.641,83.515,182.477,177.239,299.155,348.936,223.382,102.786,270.63,272.921,264.38,261.337,325.538,321.586,344.427,11.559,219.145,239.135,281.098,321.039
"m85.065 ((C5H8O)H+) ",33.259,93.044,202.293,198.088,328.863,378.658,244.893,135.541,297.174,299.787,293.574,287.94,358.169,353.147,378.653,12.141,237.45,261.162,307.717,350.753
"m85.101 ((C6H12)H+) ",33.292,92.689,201.97,197.894,328.282,378.53,244.828,135.509,297.013,299.723,293.51,287.908,358.073,353.019,378.362,12.173,237.321,261.066,307.758,350.753
"m86.036 ((C4H6O2)+) ",6.684,10.107,16.302,15.72,23.531,26.533,20.303,11.137,22.726,24.179,23.502,22.92,27.441,27.406,28.731,7.007,18.723,20.757,25.46,28.471
"m86.060 ((C4H7NO)H+) ",6.684,10.139,16.237,15.72,23.434,26.501,20.335,11.072,22.662,24.212,23.469,22.952,27.441,27.342,28.666,7.007,18.627,20.725,25.42,28.439
"m86.096 ((C5H11N)H+) ",6.684,10.171,16.269,15.688,23.499,26.566,20.4,11.105,22.694,24.276,23.469,22.984,27.408,27.278,28.666,6.943,18.756,20.725,25.42,28.374
"m87.044 ((C4H6O2)H+) ",18.984,22.663,31.315,30.088,29.6,32.638,23.923,34.67,30.088,22.854,32.349,29.7,24.113,27.246,32.605,10.717,15.462,19.53,17.372,18.207
"m87.080 ((C5H10O)H+) ",18.984,22.728,31.347,30.056,29.633,32.542,24.019,34.735,29.926,22.855,32.382,29.668,24.145,27.085,32.605,10.782,15.559,19.498,17.372,18.336
"m88.112 ((C5H13N)H+) ",5.651,8.168,12.687,11.783,10.267,11.266,6.975,6.748,12.009,7.168,10.622,9.943,6.845,9.459,11.364,3.972,4.618,5.231,5.084,4.424
"m89.023 ((C3H4O3)H+) ",117.87,122.746,224.054,149.071,224.834,201.343,194.359,253.141,189.51,110.082,198.018,175.54,157.599,126.49,262.552,65.749,101.523,118.093,111.204,106.726
"m89.042 ((C4H8S)H+) ",117.902,122.682,224.054,149.103,224.769,201.343,194.327,253.238,189.639,110.05,198.051,175.54,157.664,126.49,262.52,65.846,101.523,118.125,111.204,106.662
"m89.060 ((C4H8O2)H+) ",117.87,122.746,224.086,149.039,224.737,201.375,194.262,253.205,189.607,110.05,197.954,175.573,157.664,126.49,262.52,65.782,101.491,118.125,111.164,106.694
"m89.096 ((C5H12O)H+) ",117.805,122.617,223.893,148.91,224.479,201.343,194.262,253.205,189.381,110.082,197.889,175.54,157.729,126.329,262.456,65.782,101.362,118.125,111.244,106.662
"m90.055 ((C3H7NO2)H+) ",6.716,9.138,13.461,9.33,12.169,12.203,10.847,14.074,10.46,7.233,11.654,10.461,9.911,7.33,13.395,4.327,6.458,6.78,7.165,6.522
"m91.039 ((C3H6O3)H+) ",87.293,86.419,86.321,85.32,92.425,81.993,79.993,72.21,76.895,76.153,80.962,78.025,73.022,75.635,81.577,84.676,78.025,79.51,76.856,75.315
"m91.050 ((C2H6N2O2)H+) ",87.616,86.742,86.58,85.45,92.684,82.284,80.219,72.339,77.024,76.54,81.059,78.122,73.087,75.7,81.545,84.934,78.219,79.64,77.017,75.574
"m91.058 ((C4H10S)H+) ",87.68,86.871,86.677,85.45,92.716,82.381,80.252,72.404,77.024,76.637,81.156,78.251,73.184,75.732,81.577,85.128,78.284,79.801,77.017,75.767
"m92.062 ((C7H8)+) ",57.099,49.613,41.349,42.576,38.896,34.248,36.799,15.979,30.925,43.447,37.895,31.377,43.156,38.38,33.894,58.391,46.77,41.639,42.468,41.51
"m93.033 ((C6H5O)+) ",1332.568,1190.124,960.394,1014.741,927.785,835.721,844.721,274.24,775.835,991.453,839.996,706.872,955.495,883.093,806.491,1417.039,1119.89,904.688,983.143,934.996
"m93.070 ((C7H8)H+) ",1332.476,1190.096,960.331,1014.646,927.787,835.755,844.82,274.111,775.74,991.26,839.804,706.939,955.79,883.063,806.298,1417.075,1119.829,904.754,983.306,935.031
"m94.041 ((C6H6O)+) ",101.979,94.195,76.307,80.443,75.661,66.655,64.167,22.239,63.522,78.923,64.913,54.066,77.598,70.238,63.103,111.153,87.251,73.079,78.33,76.21
"m95.049 ((C6H6O)H+) ",25.89,25.697,31.38,31.477,32.122,33.028,37.449,30.543,45.747,38.061,46.618,42.583,44.455,43.875,47.554,25.567,28.314,31.703,35.867,36.708
"m95.086 ((C7H10)H+) ",25.89,25.697,31.412,31.541,31.993,33.092,37.481,30.478,45.779,37.964,46.522,42.422,44.52,43.81,47.554,25.567,28.12,31.606,35.907,36.708
"m96.057 ((C6H8O)+) ",3.972,3.713,3.972,5.166,3.907,3.713,4.746,3.293,5.134,4.812,5.263,4.941,4.423,4.423,4.488,3.649,3.261,4.521,4.844,5.167
"m97.040 ((C4H4N2O)H+) ",15.787,19.112,23.761,21.533,20.952,21.856,22.308,19.435,23.438,21.308,24.375,22.051,21.89,22.212,24.051,12.495,16.563,18.37,18.736,20.114
"m97.065 ((C6H8O)H+) ",15.722,19.112,23.697,21.501,20.92,21.889,22.34,19.435,23.406,21.34,24.407,22.083,21.89,22.148,24.051,12.495,16.595,18.402,18.696,20.05
"m97.101 ((C7H12)H+) ",15.69,19.047,23.697,21.533,20.92,22.083,22.373,19.435,23.374,21.405,24.472,21.954,21.954,22.115,24.083,12.56,16.692,18.37,18.656,20.082
"m97.967 ((H2O4S)+) ",3.067,4.23,4.004,4.069,4.036,3.81,4.65,2.841,4.294,4.101,4.488,3.971,4.164,3.778,4.423,3.197,4.198,3.842,4.204,4.52
"m98.975 ((H2O4S)H+) ",10.718,11.913,16.853,15.238,18.562,22.437,31.636,15.399,33.123,33.572,32.863,34.605,35.251,37.93,41.771,9.137,15.722,26.699,35.147,36.35
"m99.080 ((C6H10O)H+) ",10.783,12.01,16.918,15.271,18.659,22.566,31.636,15.399,33.252,33.895,32.831,34.702,35.509,37.994,41.901,9.234,15.819,26.505,35.187,36.479
"m99.092 ((C5H10N2)H+) ",10.848,12.01,16.918,15.271,18.691,22.598,31.668,15.399,33.317,33.863,32.799,34.702,35.477,37.962,41.869,9.234,15.787,26.505,35.147,36.512
"m99.104 ((C6H13N)+) ",10.815,12.01,16.95,15.271,18.659,22.501,31.636,15.399,33.285,33.863,32.831,34.735,35.477,37.93,41.965,9.267,15.755,26.505,35.147,36.512
"m99.117 ((C7H14)H+) ",10.815,11.977,16.885,15.271,18.562,22.501,31.636,15.399,33.285,33.863,32.831,34.735,35.477,37.93,41.965,9.17,15.755,26.44,35.147,36.512
"m101.060 ((C5H8O2)H+) ",20.016,23.534,27.216,25.633,30.313,29.055,26.731,29.829,28.925,22.952,26.247,25.731,23.664,24.698,27.667,18.014,24.92,28.084,23.536,23.276
"m101.096 ((C6H12O)H+) ",19.984,23.501,27.087,25.665,30.378,29.055,26.602,29.765,28.892,23.081,26.279,25.796,23.664,24.698,27.603,17.949,24.92,28.02,23.496,23.179
"m102.025 ((C3H6N2S)+) ",3.681,3.907,4.003,3.552,4.1,3.746,4.39,3.648,4.197,3.326,4.585,3.713,3.874,3.746,4.391,2.809,3.745,4.391,3.843,3.874
"m102.068 ((C5H10O2)+) ",3.648,3.971,4.035,3.487,4.1,3.713,4.39,3.648,4.165,3.326,4.553,3.713,3.875,3.778,4.327,2.809,3.778,4.358,3.804,3.81
"m102.104 ((C6H14O)+) ",3.616,3.939,4.068,3.455,4.197,3.746,4.325,3.616,4.197,3.294,4.553,3.649,3.907,3.778,4.359,2.744,3.778,4.326,3.764,3.81
"m102.128 ((C6H15N)H+) ",3.616,3.972,4.068,3.455,4.197,3.713,4.293,3.584,4.133,3.326,4.585,3.616,3.907,3.746,4.424,2.744,3.778,4.262,3.724,3.875
"m103.032 ((C3H6N2S)H+) ",15.334,18.271,26.278,23.694,21.208,23.21,20.822,13.204,29.894,21.886,36.866,28.7,23.599,21.435,28.376,14.816,17.722,19.436,21.815,19.66
"m103.042 ((C7H5N)+) ",15.334,18.238,26.31,23.726,21.208,23.242,20.822,13.139,29.894,21.887,36.866,28.732,23.664,21.403,28.408,14.816,17.722,19.468,21.815,19.692
"m103.075 ((C5H10O2)H+) ",15.27,18.271,26.31,23.694,21.272,23.113,20.822,13.075,29.829,21.887,36.963,28.797,23.599,21.403,28.344,14.784,17.69,19.5,21.735,19.531
"m103.112 ((C6H14O)H+) ",15.302,18.239,26.31,23.629,21.305,23.113,20.854,13.075,29.765,21.757,36.996,28.797,23.567,21.209,28.408,14.784,17.722,19.468,21.655,19.531
"m103.123 ((C5H14N2)H+) ",15.27,18.239,26.246,23.629,21.272,23.081,20.79,13.043,29.636,21.693,36.866,28.765,23.502,21.145,28.408,14.752,17.722,19.468,21.655,19.37
"m104.047 ((C4H8O3)+) ",1.678,2.034,3.196,2.615,3.39,2.841,2.163,2.325,2.68,2.906,3.132,2.841,3.164,3.035,4.004,2.195,2.357,2.357,2.402,3.132
"m104.049 ((C7H5N)H+) ",1.678,2.034,3.196,2.615,3.39,2.841,2.131,2.325,2.648,2.906,3.132,2.809,3.164,3.035,4.004,2.195,2.357,2.357,2.402,3.132
"m104.062 ((C8H8)+) ",1.711,2.066,3.196,2.551,3.39,2.841,2.163,2.357,2.68,2.874,3.164,2.809,3.196,3.002,4.036,2.26,2.357,2.389,2.402,3.164
"m105.037 ((C4H8OS)H+) ",33.216,34.444,34.797,38.832,42.22,49.964,69.078,13.267,87.802,130.853,141.64,153.368,210.082,207.881,246.413,31.829,41.349,53.353,121.94,197.659
"m105.057 ((C7H7N)+) ",33.151,34.476,34.797,38.928,42.188,49.932,69.046,13.299,87.769,130.853,141.576,153.4,210.05,207.881,246.445,31.829,41.316,53.321,122.021,197.659
"m105.070 ((C8H8)H+) ",33.151,34.476,34.797,38.896,42.188,49.932,69.046,13.299,87.769,130.885,141.576,153.335,210.05,207.913,246.381,31.893,41.349,53.224,122.021,197.627
"m106.078 ((C8H10)+) ",4.198,4.681,4.746,4.94,5.714,5.651,8.684,2.422,9.781,13.397,14.72,14.592,19.013,20.822,23.984,4.262,5.23,6.232,13.371,18.979
"m107.049 ((C7H6O)H+) ",24.986,23.565,31.798,35.252,36.639,40.707,47.417,39.283,57.101,55.294,62.075,56.072,59.294,57.975,60.459,24.664,32.957,45.127,55.717,58.202
"m107.086 ((C8H10)H+) ",24.986,23.597,31.733,35.188,36.607,40.642,47.417,39.316,57.166,55.294,61.946,56.104,59.262,57.878,60.523,24.664,32.925,45.095,55.717,58.202
"m108.057 ((C7H7O)H+) ",4.101,4.617,5.328,5.231,5.715,6.135,7.362,6.103,7.749,6.813,8.33,7.685,7.879,7.491,7.749,4.391,5.134,7.039,6.966,7.523
"m108.081 ((C7H9N)H+) ",4.101,4.617,5.36,5.231,5.748,6.103,7.362,6.135,7.749,6.845,8.394,7.685,7.944,7.458,7.846,4.423,5.102,7.104,7.046,7.555
"m108.093 ((C8H12)+) ",4.101,4.585,5.36,5.231,5.78,6.07,7.329,6.103,7.716,6.845,8.394,7.685,7.944,7.426,7.879,4.423,5.07,7.072,7.006,7.587
"m109.065 ((C7H8O)H+) ",19.659,20.661,23.115,23.115,23.342,24.728,22.114,32.798,26.795,23.277,27.795,25.923,23.274,24.245,25.761,19.305,20.499,24.05,23.775,24.148
"m109.076 ((C6H8N2)H+) ",19.692,20.661,23.051,23.115,23.342,24.728,22.114,32.734,26.859,23.309,27.795,25.89,23.242,24.277,25.826,19.273,20.531,24.083,23.856,24.148
"m109.089 ((C7H11N)+) ",19.692,20.596,22.986,23.147,23.375,24.696,22.114,32.669,26.827,23.309,27.762,25.858,23.242,24.342,25.826,19.305,20.466,23.986,23.856,24.084
"m109.101 ((C8H12)H+) ",19.756,20.628,22.922,23.147,23.343,24.632,22.114,32.669,26.827,23.309,27.762,25.858,23.242,24.342,25.794,19.273,20.434,24.018,23.816,24.084
"m110.060 ((C6H7NO)H+) ",2.034,2.26,3.746,2.227,3.197,2.906,2.486,3.745,3.52,3.035,2.906,3.325,3.358,2.744,3.487,2.324,2.841,2.486,2.321,2.841
"m110.073 ((C7H10O)+) ",2.034,2.26,3.746,2.227,3.229,2.906,2.518,3.745,3.52,3.035,2.906,3.325,3.358,2.809,3.487,2.324,2.809,2.454,2.281,2.841
"m110.084 ((C6H10N2)+) ",2.066,2.26,3.778,2.227,3.229,2.906,2.518,3.778,3.487,3.035,2.906,3.358,3.358,2.841,3.52,2.324,2.841,2.486,2.321,2.841
"m110.109 ((C8H14)+) ",2.131,2.163,3.843,2.227,3.229,2.906,2.583,3.745,3.617,3.067,2.938,3.39,3.293,2.874,3.52,2.324,2.841,2.486,2.321,2.874
"m111.080 ((C7H10O)H+) ",6.36,7.943,10.299,8.782,10.203,9.46,10.395,10.428,11.98,10.297,11.622,10.235,9.848,11.171,12.365,6.554,7.975,9.202,9.489,10.17
"m111.092 ((C6H10N2)H+) ",6.36,7.943,10.235,8.782,10.17,9.428,10.299,10.428,12.012,10.297,11.59,10.235,9.848,11.171,12.365,6.586,7.975,9.202,9.449,10.17
"m111.104 ((C7H13N)+) ",6.36,7.943,10.267,8.75,10.203,9.428,10.299,10.428,12.044,10.297,11.59,10.235,9.848,11.138,12.365,6.522,7.975,9.202,9.449,10.17
"m111.117 ((C8H14)H+) ",6.36,7.943,10.235,8.75,10.203,9.428,10.299,10.428,12.044,10.297,11.558,10.203,9.848,11.138,12.269,6.489,7.975,9.202,9.449,10.17
"m112.007 ((C6H5Cl)+) ",1.646,1.904,2.002,2.098,2.098,2.422,2.744,1.969,2.422,2.066,2.97,2.777,2.615,2.26,2.324,2.001,2.099,2.389,2.282,2.098
"m112.052 ((C6H8O2)+) ",1.582,1.904,2.098,2.131,2.131,2.454,2.809,2.001,2.454,2.131,2.906,2.712,2.68,2.26,2.292,2.001,2.099,2.422,2.322,2.098
"m112.088 ((C7H12O)+) ",1.549,1.969,2.098,2.098,2.163,2.454,2.906,2.001,2.422,2.098,2.97,2.744,2.712,2.292,2.324,1.969,2.066,2.389,2.322,2.163
"m112.112 ((C7H13N)H+) ",1.549,2.001,2.195,2.131,2.163,2.454,2.906,2.034,2.422,2.098,3.035,2.809,2.712,2.26,2.292,1.969,2.066,2.454,2.322,2.163
"m113.015 ((C6H5Cl)H+) ",6.909,7.717,10.397,10.106,12.56,11.172,10.72,12.204,11.591,10.332,12.302,11.139,10.913,11.978,13.752,5.78,8.653,8.782,9.728,9.46
"m113.060 ((C6H8O2)H+) ",6.877,7.685,10.333,10.042,12.657,11.139,10.72,12.139,11.559,10.171,12.27,11.172,10.849,12.107,13.752,5.651,8.718,8.749,9.849,9.428
"m113.096 ((C7H12O)H+) ",6.941,7.588,10.397,10.01,12.625,11.107,10.817,12.139,11.526,10.106,12.141,11.172,10.849,12.075,13.784,5.651,8.718,8.717,9.929,9.493
"m113.107 ((C6H12N2)H+) ",6.974,7.556,10.397,10.01,12.625,11.107,10.817,12.172,11.526,10.106,12.109,11.172,10.913,12.075,13.784,5.683,8.75,8.717,9.969,9.493
"m114.091 ((C6H11NO)H+) ",8.782,9.881,10.85,9.75,9.332,9.751,9.007,8.588,9.653,10.235,9.912,9.461,10.526,10.171,9.783,8.783,9.137,9.009,10.65,10.492
"m114.128 ((C7H15N)H+) ",8.75,9.913,10.818,9.75,9.364,9.783,9.007,8.652,9.621,10.235,9.912,9.428,10.526,10.236,9.718,8.783,9.17,9.009,10.69,10.492
"m115.075 ((C6H10O2)H+) ",6.877,7.46,8.331,7.459,9.267,9.72,11.267,7.329,10.849,10.299,9.88,10.494,9.751,11.203,11.527,6.749,8.621,8.718,9.97,9.944
"m115.112 ((C7H14O)H+) ",6.812,7.46,8.331,7.427,9.235,9.623,11.3,7.265,10.913,10.331,9.847,10.526,9.783,11.171,11.527,6.749,8.653,8.847,10.01,9.912
"m115.123 ((C6H14N2)H+) ",6.78,7.46,8.331,7.427,9.267,9.655,11.396,7.265,10.945,10.331,9.847,10.558,9.783,11.203,11.527,6.749,8.653,8.879,10.01,9.912
"m116.143 ((C7H17N)H+) ",1.646,1.84,2.163,2.034,1.872,2.486,2.034,1.743,2.518,2.454,3.326,2.777,2.034,2.066,2.97,1.259,1.839,1.743,1.962,1.937
"m117.070 ((C9H8)H+) ",25.534,28.603,31.283,30.152,30.153,33.961,38.352,30.184,38.125,43.225,42.999,40.031,42.157,44.549,46.191,25.795,30.248,34.996,42.152,44.546
"m117.078 ((C5H11NO2)+) ",25.534,28.603,31.25,30.152,30.153,33.928,38.352,30.184,38.093,43.225,42.999,40.063,42.125,44.549,46.191,25.795,30.248,35.028,42.152,44.514
"m117.091 ((C6H12O2)H+) ",25.567,28.603,31.25,30.152,30.153,33.928,38.384,30.216,38.093,43.193,42.999,40.063,42.157,44.516,46.224,25.86,30.248,35.06,42.032,44.514
"m117.102 ((C5H12N2O)H+) ",25.534,28.571,31.218,30.119,30.153,33.896,38.384,30.248,38.093,43.161,42.903,40.063,42.125,44.452,46.256,25.86,30.248,35.06,41.952,44.482
"m117.127 ((C7H16O)H+) ",25.244,28.378,30.96,30.119,29.959,33.767,38.158,30.184,37.996,43.064,42.644,39.934,42.028,44.323,46.288,25.408,30.119,34.996,41.792,44.224
"m118.065 ((C8H7N)H+) ",2.389,2.647,2.615,2.615,2.615,3.067,3.293,2.195,3.293,3.358,3.293,3.972,4.294,3.487,3.746,2.131,2.647,2.68,3.443,3.616
"m118.078 ((C9H10)+) ",2.357,2.647,2.647,2.615,2.583,3.067,3.261,2.227,3.326,3.358,3.325,3.939,4.326,3.455,3.746,2.131,2.615,2.68,3.443,3.616
"m118.081 ((C6H14S)+) ",2.357,2.647,2.647,2.615,2.583,3.067,3.229,2.227,3.326,3.358,3.325,3.907,4.358,3.455,3.746,2.131,2.615,2.68,3.443,3.616
"m118.086 ((C5H11NO2)H+) ",2.357,2.647,2.647,2.583,2.583,3.067,3.261,2.227,3.326,3.358,3.357,3.907,4.358,3.455,3.746,2.131,2.615,2.68,3.443,3.616
"m119.060 ((C7H6N2)H+) ",5.554,6.942,10.557,9.719,14.915,14.817,12.72,9.88,12.557,10.429,10.527,11.397,9.912,8.33,11.333,3.713,11.333,13.688,11.77,11.591
"m119.086 ((C9H10)H+) ",5.522,6.877,10.59,9.719,14.882,14.85,12.72,9.848,12.557,10.397,10.494,11.429,10.009,8.363,11.365,3.745,11.3,13.721,11.81,11.527
"m120.081 ((C8H9N)H+) ",1.097,1.033,1.356,1.291,1.646,1.194,1.42,1.808,1.808,1.356,1.356,1.517,1.388,1.323,1.873,0.742,1.873,1.485,1.601,1.291
"m121.052 ((C7H7NO)+) ",16.658,18.11,18.305,21.273,21.403,23.985,26.344,16.689,28.699,28.505,28.409,25.537,29.827,27.247,30.023,18.562,19.853,25.6,29.423,26.825
"m121.065 ((C8H8O)H+) ",16.658,18.11,18.338,21.241,21.436,23.985,26.344,16.689,28.699,28.505,28.376,25.537,29.859,27.247,30.055,18.594,19.853,25.567,29.343,26.825
"m121.089 ((C8H11N)+) ",16.691,18.11,18.305,21.241,21.436,24.017,26.312,16.593,28.634,28.472,28.28,25.504,29.827,27.215,30.088,18.562,19.821,25.535,29.263,26.825
"m121.101 ((C9H12)H+) ",16.691,18.142,18.273,21.241,21.436,24.017,26.312,16.593,28.634,28.472,28.247,25.504,29.827,27.247,30.055,18.562,19.821,25.503,29.263,26.761
"m122.060 ((C7H7NO)H+) ",2.583,2.518,2.357,2.26,3.003,3.132,2.518,1.937,3.746,3.552,3.616,3.002,3.842,3.261,4.1,2.26,3.002,3.423,3.923,4.456
"m122.084 ((C7H10N2)+) ",2.551,2.486,2.389,2.228,3.035,3.132,2.518,1.937,3.778,3.519,3.616,3.067,3.842,3.229,4.068,2.195,3.034,3.39,3.923,4.617
"m122.096 ((C8H11N)H+) ",2.551,2.486,2.422,2.228,3.035,3.132,2.551,1.97,3.778,3.519,3.649,3.067,3.81,3.197,4.068,2.163,3.034,3.423,3.923,4.617
"m123.092 ((C7H10N2)H+) ",9.042,8.459,8.751,9.719,8.976,9.75,9.009,9.298,11.01,9.816,9.685,9.944,9.073,10.042,10.138,8.105,7.975,9.105,9.329,9.655
"m124.039 ((C6H5NO2)H+) ",1.711,1.355,1.614,1.582,1.743,2.163,2.131,1.259,2.389,1.194,2.034,1.743,1.808,1.84,2.034,1.776,1.743,1.549,1.521,1.743
"m124.057 ((C4H7F2NO)H+) ",1.679,1.388,1.614,1.582,1.711,2.131,2.098,1.259,2.357,1.194,2.034,1.775,1.808,1.872,2.034,1.776,1.775,1.582,1.561,1.775
"m125.042 ((C7H8S)H+) ",6.296,7.846,7.135,6.942,7.975,8.33,8.007,8.686,8.75,7.685,9.46,8.137,8.685,8.33,9.397,6.362,9.17,8.363,9.168,8.491
"m125.060 ((C7H8O2)H+) ",6.296,7.846,7.135,6.942,7.943,8.33,8.039,8.751,8.75,7.685,9.46,8.202,8.749,8.362,9.429,6.362,9.17,8.33,9.208,8.491
"m125.071 ((C6H8N2O)H+) ",6.296,7.878,7.167,6.942,7.975,8.33,8.007,8.783,8.75,7.685,9.46,8.202,8.717,8.394,9.429,6.362,9.105,8.33,9.208,8.491
"m125.084 ((C7H11NO)+) ",6.296,7.91,7.167,6.942,7.975,8.33,8.007,8.751,8.717,7.685,9.46,8.202,8.717,8.459,9.364,6.33,9.137,8.363,9.208,8.459
"m125.096 ((C8H12O)H+) ",6.264,7.91,7.199,6.942,7.943,8.33,8.007,8.783,8.717,7.685,9.428,8.169,8.749,8.491,9.397,6.297,9.073,8.33,9.248,8.459
"m125.107 ((C7H12N2)H+) ",6.264,7.878,7.232,6.91,7.911,8.362,7.975,8.783,8.718,7.652,9.428,8.105,8.749,8.491,9.364,6.297,9.073,8.33,9.248,8.459
"m125.120 ((C8H15N)+) ",6.199,7.878,7.232,6.91,7.911,8.394,7.975,8.783,8.718,7.652,9.428,8.137,8.749,8.556,9.364,6.297,9.105,8.266,9.288,8.492
"m127.112 ((C8H14O)H+) ",7.652,9.588,13.882,12.526,15.691,15.335,13.816,25.117,15.56,14.593,14.626,14.495,14.787,13.43,15.754,6.717,13.237,13.946,13.25,13.591
"m127.136 ((C8H17N)+) ",7.62,9.556,13.882,12.526,15.659,15.335,13.816,25.084,15.528,14.593,14.497,14.495,14.787,13.43,15.754,6.652,13.204,13.914,13.25,13.527
"m127.903 ((Xe)+) ",1.905,1.969,2.357,2.195,2.26,2.905,2.777,3.003,2.938,2.712,2.615,2.55,2.389,2.583,2.712,1.872,2.712,2.26,2.081,2.389
"m128.120 ((C8H16O)+) ",1.969,1.905,2.389,2.357,2.389,3.099,3.132,3.842,3.003,2.906,2.551,2.55,2.518,2.841,2.971,1.969,2.841,2.357,2.282,2.583
"m128.143 ((C8H17N)H+) ",1.969,1.937,2.389,2.357,2.453,3.099,3.1,3.907,3.003,2.906,2.583,2.518,2.518,2.874,2.971,1.969,2.777,2.454,2.322,2.583
"m128.911 ((Xe)H+) ",7.556,8.006,10.235,7.652,8.879,9.137,9.556,6.78,9.46,9.622,9.556,10.363,9.945,9.008,10.428,7.2,8.62,9.297,10.568,10.912
"m129.045 ((C8H4N2)H+) ",7.556,7.91,10.364,7.91,9.105,9.395,9.782,7.62,9.751,9.88,9.847,10.654,10.656,9.396,10.687,7.394,8.782,9.459,10.969,11.235
"m129.070 ((C10H8)H+) ",7.524,7.91,10.461,7.91,9.073,9.428,9.815,7.62,9.686,9.88,9.847,10.622,10.656,9.396,10.687,7.394,8.814,9.459,11.009,11.203
"m129.091 ((C7H12O2)H+) ",7.524,7.877,10.429,7.813,9.073,9.46,9.847,7.652,9.686,9.816,9.879,10.59,10.656,9.396,10.654,7.426,8.847,9.459,11.009,11.171
"m129.127 ((C8H16O)H+) ",7.524,7.845,10.3,7.781,9.04,9.428,9.879,7.717,9.654,9.751,9.912,10.493,10.656,9.428,10.59,7.426,8.911,9.427,11.049,11.235
"m129.139 ((C7H16N2)H+) ",7.491,7.813,10.268,7.781,9.04,9.363,9.879,7.717,9.59,9.687,9.912,10.46,10.623,9.46,10.558,7.426,8.911,9.427,11.049,11.268
"m129.151 ((C8H19N)+) ",7.492,7.781,10.235,7.749,8.944,9.363,9.782,7.685,9.622,9.687,9.912,10.364,10.656,9.493,10.558,7.394,8.879,9.427,11.009,11.3
"m131.060 ((C8H6N2)H+) ",8.589,8.363,9.977,7.072,9.138,9.944,9.493,7.459,10.073,9.525,11.173,10.397,9.138,9.106,11.203,6.845,7.653,8.524,8.529,9.686
"m131.107 (propylbutanoateH+) ",8.492,8.363,9.945,7.105,9.074,9.944,9.461,7.491,10.041,9.493,11.141,10.365,9.138,9.106,11.106,6.877,7.653,8.589,8.529,9.783
"m131.143 ((C8H18O)H+) ",8.427,8.396,9.848,7.105,9.074,9.944,9.461,7.426,10.009,9.461,11.044,10.397,9.171,9.203,11.139,6.845,7.62,8.492,8.529,9.815
"m131.154 ((C7H18N2)H+) ",8.427,8.428,9.816,7.072,9.041,9.912,9.525,7.426,9.944,9.461,10.979,10.365,9.171,9.171,11.139,6.813,7.62,8.46,8.529,9.847
"m132.066 ((C5H9NO3)H+) ",0.807,1.259,1.291,1.065,1,1.194,1.356,0.904,1.323,1.388,1.646,0.839,1.711,1.517,1.227,1.001,0.742,1.259,1.121,1.259
"m132.102 ((C6H13NO2)H+) ",0.904,1.291,1.259,1.001,1,1.291,1.356,0.936,1.323,1.324,1.582,0.904,1.711,1.549,1.13,0.936,0.774,1.259,1.161,1.291
"m133.065 ((C9H8O)H+) ",2.744,4.101,5.426,4.037,6.169,7.267,6.459,6.588,6.556,4.748,7.267,7.751,5.587,4.941,7.687,2.292,3.552,4.134,3.925,4.101
"m133.101 ((C10H12)H+) ",2.712,3.842,5.103,3.875,5.943,6.879,6.265,6.265,6.201,4.618,6.815,7.428,5.329,4.651,7.396,2.356,3.488,3.908,3.844,4.037
"m135.080 ((C9H10O)H+) ",5.554,5.296,7.266,4.973,6.683,6.878,7.135,11.784,7.976,7.815,7.976,9.105,8.976,7.427,8.427,5.424,5.909,7.201,8.047,8.491
"m135.117 ((C10H14)H+) ",5.554,5.296,7.233,5.005,6.683,6.813,7.135,11.817,7.911,7.815,7.912,8.976,8.976,7.395,8.33,5.424,5.973,7.136,8.007,8.524
"m137.047 ((C7H7NO2)+) ",12.399,14.268,25.279,24.212,16.272,25.47,33.993,13.171,35.414,33.155,48.005,48.519,32.089,29.376,36.545,12.236,14.106,37.416,34.626,37.673
"m137.060 ((C8H8O2)H+_2) ",12.334,14.268,25.311,24.244,16.272,25.47,33.993,13.204,35.381,33.22,47.973,48.551,32.089,29.376,36.577,12.236,14.138,37.416,34.626,37.705
"m137.060 ((C8H8O2)H+) ",12.334,14.268,25.311,24.244,16.272,25.47,33.993,13.204,35.381,33.22,47.973,48.551,32.089,29.376,36.577,12.236,14.138,37.416,34.626,37.705
"m137.071 ((C7H8N2O)H+) ",12.302,14.268,25.343,24.277,16.272,25.502,33.993,13.204,35.349,33.22,47.973,48.519,32.089,29.344,36.577,12.236,14.106,37.416,34.666,37.705
"m137.132 ((C10H16)H+) ",12.27,14.301,25.343,24.309,16.143,25.567,33.993,13.204,35.382,33.188,48.038,48.519,31.992,29.376,36.642,12.171,13.977,37.416,34.586,37.641
"m139.148 (menthol_H2OH+) ",5.263,4.94,5.521,5.876,5.78,6.006,6.522,5.715,6.813,7.201,7.878,8.104,6.78,7.491,8.394,5.133,5.521,6.877,6.566,8.104
"m144.175 ((C9H21N)H+) ",1.355,1.259,1.84,1.937,1.776,2.26,2.195,2.227,1.646,1.969,1.937,1.872,2.292,2.195,2.099,1.517,1.291,1.646,1.841,1.614
"m145.076 ((C9H8N2)H+) ",17.561,19.047,21.144,18.401,22.566,20.919,22.081,12.525,24.503,25.823,25.372,26.343,25.826,28.279,29.15,18.175,21.661,22.017,26.179,25.374
"m145.122 (ethzlhexanoateH+) ",17.561,19.079,21.144,18.337,22.631,20.952,22.113,12.525,24.471,25.79,25.404,26.375,25.826,28.311,29.15,18.239,21.726,22.179,26.299,25.277
"m145.962 ((F6S)+) ",2.001,2.68,3.229,2.647,2.583,2.744,2.744,2.002,3.423,2.777,2.55,3.358,3.131,3.067,4.23,1.905,2.389,3.358,2.642,3.39
"m145.968 (C6Cl2H4+) ",2.001,2.68,3.229,2.647,2.583,2.712,2.744,2.066,3.423,2.809,2.55,3.358,3.131,3.035,4.23,1.905,2.389,3.358,2.642,3.39
"m146.970 ((F6S)H+) ",2.034,2.647,3.358,2.841,3.326,3.875,3.552,2.551,3.843,4.424,4.198,4.78,4.392,4.134,5.004,1.905,2.938,3.391,3.884,3.713
"m146.976 (C6Cl2H5+) ",2.034,2.647,3.358,2.809,3.326,3.875,3.552,2.583,3.81,4.424,4.166,4.715,4.36,4.134,5.004,1.872,2.938,3.391,3.884,3.713
"m148.088 ((C10H12O)+) ",0.581,0.452,0.742,0.581,1.097,0.871,0.872,1.097,0.71,0.872,0.936,0.742,1.13,0.807,1.194,0.387,0.775,0.774,0.8,1.614
"m148.125 ((C11H16)+) ",0.581,0.452,0.742,0.613,1.097,0.904,0.904,1.033,0.807,0.872,0.968,0.775,1.065,0.871,1.13,0.387,0.775,0.742,0.84,1.55
"m149.096 ((C10H12O)H+) ",3.067,3.649,6.006,11.913,15.95,21.242,34.058,6.297,33.544,38.253,39.675,37.419,39.351,40.384,38.996,2.292,10.783,26.084,39.469,38.996
"m151.075 ((C9H10O2)H+) ",2.68,2.841,3.971,3.81,5.586,6.586,8.653,4.617,9.073,10.17,10.525,9.525,9.945,10.203,10.494,2.712,4.714,6.942,9.168,8.717
"m152.120 ((C10H16O)+) ",0.678,0.904,0.904,1.291,0.904,1.291,1.872,1.388,1.84,1.711,2.034,1.549,1.969,1.517,1.905,0.871,1.001,1.356,1.561,1.453
"m153.055 ((C8H8O3)H+) ",5.715,6.619,7.103,7.232,6.425,7.296,6.845,6.457,7.975,7.879,7.329,7.749,8.395,7.653,8.104,6.232,6.296,6.619,8.488,7.103
"m153.070 ((C12H8)H+) ",5.747,6.587,7.103,7.232,6.425,7.296,6.878,6.425,7.975,7.847,7.329,7.749,8.395,7.62,8.136,6.232,6.296,6.587,8.488,7.103
"m153.127 ((C10H16O)H+) ",5.651,6.555,7.071,7.2,6.426,7.329,6.878,6.425,8.04,7.814,7.296,7.782,8.395,7.717,8.104,6.264,6.264,6.554,8.448,7.071
"m153.151 ((C10H19N)+) ",5.618,6.555,7.039,7.232,6.426,7.329,6.845,6.457,8.04,7.847,7.296,7.749,8.395,7.717,8.104,6.264,6.264,6.554,8.368,7.071
"m153.980 (C6Cl2H5 iso3ppm+) ",1.065,1.517,1.259,1.323,2.034,1.517,1.485,1.194,2.001,1.873,1.905,1.42,1.872,1.84,1.614,1.13,1.162,1.13,1.121,1.291
"m155.086 ((C12H10)H+) ",6.909,7.878,7.555,7.781,8.104,8.234,8.943,5.618,8.395,10.104,9.816,9.201,9.912,9.976,11.138,7.394,8.653,9.623,8.847,11.074
"m155.107 ((C9H14O2)H+) ",6.942,7.878,7.555,7.781,8.136,8.201,8.975,5.618,8.395,10.072,9.816,9.169,9.912,9.976,11.138,7.427,8.621,9.623,8.847,11.042
"m155.142 (menthoneH+) ",6.909,7.878,7.523,7.781,8.104,8.234,8.975,5.586,8.395,10.007,9.816,9.201,9.945,10.008,11.171,7.491,8.589,9.623,8.847,11.042
"m157.159 (mentholH+) ",3.939,4.294,5.101,4.811,5.521,5.295,5.393,4.908,5.845,4.65,6.199,5.618,5.295,6.135,6.295,5.198,5.295,5.198,6.206,5.199
"m159.174 ((C10H22O)H+) ",7.329,11.623,35.514,23.245,28.96,13.916,12.689,6.394,28.604,8.717,21.955,29.057,11.107,15.272,21.633,6.554,5.942,7.362,5.964,7.556
"m161.132 ((C12H16)H+) ",2.034,2.26,2.615,1.937,2.066,2.098,2.26,1.679,2.228,2.002,2.228,2.163,2.486,2.777,2.615,2.098,2.163,2.001,2.562,2.486
"m162.128 ((C11H15N)H+) ",0.323,0.678,0.678,0.807,0.742,0.516,0.839,0.936,0.871,0.71,0.613,0.904,0.678,0.613,1.033,0.678,0.872,0.581,1.001,0.678
"m163.063 ((C9H9NO2)+) ",3.972,3.842,4.456,3.455,4.456,4.165,4.229,3.584,4.327,3.649,4.714,4.133,4.94,5.166,5.328,3.422,3.681,4.327,5.165,5.392
"m163.075 ((C10H10O2)H+) ",3.972,3.842,4.488,3.423,4.456,4.165,4.229,3.584,4.359,3.649,4.746,4.133,4.94,5.166,5.295,3.422,3.681,4.294,5.165,5.392
"m163.099 ((C10H13NO)+) ",3.972,3.842,4.488,3.39,4.456,4.198,4.23,3.584,4.359,3.649,4.682,4.133,4.94,5.198,5.263,3.39,3.681,4.262,5.205,5.36
"m163.123 ((C10H14N2)H+) ",3.939,3.875,4.52,3.39,4.488,4.198,4.165,3.519,4.327,3.616,4.682,4.133,4.94,5.166,5.263,3.39,3.713,4.262,5.205,5.392
"m163.136 ((C11H17N)+) ",3.939,3.875,4.52,3.39,4.488,4.198,4.165,3.552,4.327,3.616,4.682,4.101,4.94,5.134,5.263,3.39,3.681,4.294,5.205,5.392
"m163.148 ((C12H18)H+) ",3.939,3.907,4.488,3.358,4.488,4.198,4.133,3.552,4.327,3.584,4.649,4.068,4.94,5.102,5.263,3.39,3.681,4.262,5.205,5.392
"m165.091 ((C10H12O2)H+) ",2.034,2.066,2.583,1.743,2.195,2.357,2.389,2.615,2.841,2.001,2.357,2.551,1.808,2.099,3.067,1.517,1.775,2.648,2.482,2.325
"m165.985 ((C3F6O)+) ",0.581,0.742,0.871,0.904,0.807,0.71,0.613,1.194,0.839,0.904,1.001,1.162,0.71,0.645,1.033,0.581,0.936,0.904,0.72,1.001
"m166.062 ((C9H10O3)+) ",0.613,0.775,0.871,0.839,0.839,0.742,0.645,1.227,0.839,0.904,1.033,1.129,0.645,0.71,1.097,0.613,0.936,0.904,0.76,0.968
"m166.078 ((C13H10)+) ",0.613,0.775,0.871,0.839,0.839,0.742,0.645,1.227,0.839,0.904,1.001,1.097,0.678,0.742,1.097,0.613,0.936,0.904,0.76,0.936
"m166.135 ((C11H18O)+) ",0.613,0.742,0.871,0.871,0.839,0.775,0.613,1.259,0.904,0.871,1.001,1.033,0.71,0.774,1.162,0.613,0.903,0.904,0.72,0.968
"m167.070 ((C9H10O3)H+) ",2.421,2.26,2.26,2.292,2.97,2.228,3.035,4.069,3.261,3.875,3.81,3.552,3.971,3.197,4.165,2.228,3.099,2.389,3.683,3.487
"m167.086 ((C13H10)H+) ",2.421,2.26,2.26,2.26,2.97,2.228,3.035,4.069,3.261,3.907,3.81,3.519,3.971,3.197,4.165,2.228,3.132,2.389,3.643,3.487
"m174.140 ((C13H18)+) ",6.039,5.198,6.489,6.006,6.49,5.78,5.295,4.1,5.359,5.941,5.522,5.521,5.295,4.94,4.972,6.361,6.587,5.94,6.206,6.296
"m175.148 ((C13H18)H+) ",1.388,1.259,1.227,1.42,1.485,2.098,1.517,1.194,1.485,1.452,1.711,1.937,1.517,1.097,1.194,0.807,1.356,1.42,1.321,1.55
"m178.062 ((C10H10O3)+) ",0.904,0.839,2.034,1.711,2.066,1.227,1.001,0.549,1.679,0.549,1.388,1.291,0.872,1.226,1.065,0.387,0.678,0.904,0.6,0.678
"m178.123 ((C11H15NO)H+) ",0.904,0.839,2.001,1.679,2.066,1.259,1.033,0.581,1.711,0.678,1.485,1.291,0.839,1.259,1.13,0.355,0.678,0.904,0.6,0.71
"m179.086 ((C14H10)H+) ",1,1.227,1.743,1.194,1.743,1.388,1.065,1.517,1.452,1.291,1.614,1.84,1.485,1.42,1.55,1.097,1.259,0.613,1.04,1.356
"m179.107 ((C11H14O2)H+) ",1,1.259,1.743,1.162,1.776,1.42,1.097,1.517,1.452,1.291,1.582,1.84,1.485,1.42,1.517,1.065,1.194,0.645,1.04,1.356
"m179.128 ((C8H18O4)H+) ",0.968,1.227,1.776,1.098,1.743,1.42,1.097,1.517,1.452,1.259,1.582,1.776,1.453,1.42,1.485,1.065,1.227,0.581,1.04,1.356
"m179.929 (C6Cl3H3+) ",0.516,0.484,0.549,0.484,0.452,0.678,0.581,0.968,0.581,0.645,0.581,0.452,0.71,0.549,0.516,0.452,0.452,0.516,0.4,0.484
"m180.081 ((C13H9N)H+) ",0.549,0.355,0.452,0.452,0.516,0.678,0.548,0.968,0.549,0.613,0.581,0.387,0.613,0.549,0.613,0.452,0.484,0.548,0.56,0.484
"m180.093 ((C14H12)+) ",0.549,0.355,0.452,0.419,0.516,0.678,0.548,0.968,0.516,0.645,0.581,0.387,0.613,0.549,0.613,0.452,0.484,0.516,0.52,0.484
"m180.151 ((C12H20O)+) ",0.581,0.355,0.516,0.484,0.484,0.678,0.548,0.968,0.516,0.645,0.516,0.387,0.613,0.581,0.613,0.452,0.452,0.548,0.52,0.516
"m180.937 (C6Cl3H4+) ",4.069,13.72,60.817,39.125,45.031,17.4,11.622,5.619,38.094,5.231,26.567,39.932,7.233,15.722,22.695,1.84,2.357,2.906,2.202,2.26
"m181.076 ((C12H8N2)H+) ",4.037,13.752,60.785,39.125,45.064,17.432,11.655,5.683,38.191,5.263,26.664,39.965,7.136,15.689,22.76,1.84,2.421,3.067,2.122,2.26
"m181.101 ((C14H12)H+) ",4.037,13.752,60.721,39.125,45.064,17.464,11.558,5.683,38.191,5.231,26.664,39.932,7.136,15.689,22.76,1.84,2.389,3.067,2.122,2.228
"m181.159 ((C12H20O)H+) ",4.004,13.785,60.688,39.093,45.096,17.464,11.526,5.683,38.191,5.263,26.664,39.803,7.136,15.689,22.695,1.808,2.454,3.003,2.162,2.26
"m181.170 ((C11H20N2)H+) ",4.004,13.785,60.688,39.093,45.096,17.432,11.526,5.683,38.191,5.231,26.664,39.803,7.104,15.689,22.663,1.808,2.454,3.003,2.162,2.26
"m182.109 ((C14H14)+) ",0.936,1.194,3.552,2.357,2.615,1.291,1.001,0.581,2.454,0.807,2.227,1.969,1.065,1.259,1.678,0.839,0.742,0.742,0.48,0.936
"m183.047 ((C9H10O2S)H+) ",3.422,4.004,4.876,3.939,4.165,5.167,5.424,5.425,4.875,4.973,4.843,4.295,5.327,5.554,5.393,3.487,4.552,4.424,5.965,4.682
"m183.080 ((C13H10O)H+) ",3.422,4.004,4.844,3.939,4.165,5.134,5.425,5.425,4.811,4.973,4.843,4.295,5.327,5.554,5.296,3.487,4.552,4.424,5.965,4.649
"m186.140 ((C14H18)+) ",0.323,0.613,0.29,0.71,0.581,0.71,0.904,0.71,0.839,0.645,0.871,0.871,0.807,0.742,0.871,0.29,0.484,0.839,0.6,0.678
"m187.148 ((C14H18)H+) ",1.582,1.679,1.097,1.162,1.84,1.097,1.356,1.582,1.549,1.453,1.646,1.324,1.905,1.42,1.646,1.162,1.388,1.485,1.361,1.485
"m188.937 (C6Cl3H4 iso57ppm+) ",0.742,0.581,1.097,0.839,1.098,0.968,0.774,0.839,1.226,0.613,1.485,1.162,1.033,1.356,1.388,0.645,0.516,0.775,1.04,1.065
"m189.164 ((C14H20)H+) ",0.645,0.549,0.904,0.71,1.065,0.71,0.613,0.968,1.194,0.613,1.388,0.839,1.098,1.227,1.162,0.678,0.548,0.678,0.72,0.968
"m191.143 ((C13H18O)H+) ",1.033,1.84,3.035,2.518,3.036,3.553,3.197,2.874,4.102,2.131,3.52,4.134,2.196,3.003,4.748,0.613,1.259,2.486,1.642,1.905
"m192.093 ((C15H12)+) ",0.871,1.711,2.196,1.969,2.713,2.712,2.648,2.195,2.68,2.195,2.519,2.713,2.228,2.228,2.68,0.742,1.388,2.099,1.241,1.84
"m193.101 ((C15H12)H+) ",2.066,3.649,5.426,5.038,7.332,7.848,5.717,5.329,6.492,3.617,6.007,5.491,4.069,4.554,5.523,0.807,2.422,4.78,2.803,3.391
"m193.122 ((C12H16O2)H+) ",2.034,3.617,5.49,5.071,7.203,7.752,5.684,5.135,6.33,3.552,5.878,5.491,3.972,4.457,5.426,0.775,2.39,4.618,2.723,3.23
"m194.154 ((C12H19NO)H+) ",0.807,1.356,2.389,1.744,2.939,3.165,2.228,2.325,2.26,1.421,2.616,2.551,1.485,1.776,2.099,0.549,1.065,1.969,1.041,1.744
"m195.065 ((C10H10O4)H+) ",1.259,1.969,2.422,2.583,2.648,2.486,2.26,2.002,2.131,1.873,2.389,2.454,1.324,1.808,2.486,1.194,1.55,1.291,2.242,1.55
"m195.138 ((C12H18O2)H+) ",1.194,1.937,2.228,2.486,2.648,2.519,2.163,1.873,2.163,1.744,2.357,2.357,1.324,1.775,2.422,1.226,1.582,1.323,2.282,1.55
"m197.132 ((C15H16)H+) ",1.13,1.614,1.84,1.453,2.583,1.743,1.55,1.291,2.099,1.097,1.485,1.873,1.485,1.485,1.582,0.71,1.259,1.388,1.361,1.097
"m199.148 ((C15H18)H+) ",2.55,3.035,2.292,2.647,3.325,3.067,2.454,2.518,3.778,2.325,4.004,3.003,3.52,2.744,3.39,2.098,2.906,2.776,2.563,2.454
"m201.139 ((C13H16N2)H+) ",15.076,16.012,13.397,14.85,13.332,15.56,14.494,9.654,13.527,13.98,13.881,13.721,12.106,12.688,12.752,14.657,13.816,14.526,12.849,12.719
"m201.233 ((C12H28N2)H+) ",15.011,16.012,13.462,14.786,13.332,15.56,14.462,9.621,13.527,13.915,13.817,13.785,12.009,12.688,12.784,14.593,13.816,14.429,12.689,12.783
"m203.086 ((C16H10)H+) ",0.968,0.968,0.871,0.871,1.033,1.065,1.42,0.839,0.871,0.807,1.162,1.162,1.323,1.291,1.097,0.71,0.839,1.065,1.441,1.356
"m203.154 ((C13H18N2)H+) ",1,1.001,0.904,0.871,1.065,1.065,1.453,0.904,0.807,0.807,1.097,1.162,1.259,1.323,1.162,0.742,0.839,1,1.481,1.42
"m204.187 ((C15H24)+) ",0.387,0.29,0.42,0.516,0.71,0.774,0.678,0.452,0.581,0.678,0.71,0.613,0.581,1.194,0.516,0.484,0.484,0.29,0.64,0.419
"m205.157 ((C12H19N3)+) ",1.55,1.129,1.033,2.002,1.162,1.194,1.388,0.936,1.55,1.162,1.84,1.42,1.646,1.227,1.259,1.259,1.259,1.13,1.241,1.226
"m205.195 ((C15H24)H+) ",1.55,1.129,1.097,1.969,1.162,1.13,1.388,0.936,1.55,1.13,1.84,1.485,1.614,1.194,1.291,1.194,1.291,1.162,1.201,1.194
"m211.148 ((C16H18)H+) ",5.296,10.721,15.337,10.365,16.403,20.567,12.787,13.658,14.434,8.913,16.984,14.821,7.815,10.72,14.336,0.807,3.713,7.945,4.084,3.746
"m228.093 ((C18H12)+) ",4.036,8.395,13.27,7.039,15.045,17.629,12.237,13.269,14.561,7.62,14.238,14.335,6.715,10.784,15.528,0.613,2.809,6.329,3.203,2.647
"m228.269 ((C15H33N)H+) ",3.907,8.492,13.367,7.071,14.916,17.532,12.205,13.366,14.593,7.588,14.109,14.497,6.748,10.849,15.625,0.613,2.841,6.329,3.163,2.583
"m237.164 ((C18H20)H+) ",0.742,0.936,1.033,1.162,1,1.033,0.904,0.775,1.291,0.839,1.194,1.097,1.033,1.065,1.227,0.355,1.033,1.388,0.96,0.936
"m239.007 ((U)H+) ",0.871,1.13,0.968,1.065,1.323,1.549,1.388,0.774,1.452,1.42,1.42,1.808,1.065,1.033,1.42,0.807,0.871,1.129,0.88,1.194
"m239.179 ((C18H22)H+) ",0.871,1.194,0.968,1.13,1.291,1.453,1.42,0.742,1.517,1.453,1.517,1.905,1.13,1.13,1.388,0.807,0.904,1.065,0.84,1.162
"m150.000 (TIC) ",511.37,565.415,739.05,682.864,752.482,750.242,791.464,586.922,910.11,861.946,996.038,990.864,969.266,982.403,1111.362,494.095,605.339,725.534,847.349,940.304
